ID,Marital Status,Gender,MaritalStatusNumeric,GenderNumeric,Income,Children,EducationNumeric,CommuteDistanceNumeric,Cars,Age,HomeOwnerNumeric,PurchaseBikeNumeric,Education,Occupation,Home Owner,Commute Distance,Region,Purchased Bike
11000,Married,Male,1,0,90000,2,4,2,0,40,1,1,Bachelors,Professional,Yes,1-2 Miles,Pacific,Yes
11047,Married,Female,1,1,30000,3,2,2,2,56,0,1,High School,Skilled Manual,No,1-2 Miles,Pacific,Yes
11061,Married,Male,1,0,80000,2,3,4,2,52,1,1,Partial College,Skilled Manual,Yes,5-10 Miles,Pacific,Yes
11090,Single,Male,0,0,90000,2,3,3,1,48,1,1,Partial College,Professional,Yes,2-5 Miles,North America,Yes
11116,Married,Male,1,0,70000,5,3,4,2,43,1,0,Partial College,Skilled Manual,Yes,5-10 Miles,Pacific,No
11139,Single,Female,0,1,30000,2,3,4,2,67,0,0,Partial College,Clerical,No,5-10 Miles,Pacific,No
11143,Married,Male,1,0,40000,0,2,4,2,29,1,0,High School,Skilled Manual,Yes,5-10 Miles,North America,No
11147,Married,Male,1,0,60000,2,5,1,1,67,1,1,Graduate Degree,Management,Yes,0-1 Miles,Pacific,Yes
11149,Married,Male,1,0,40000,2,4,1,2,65,1,0,Bachelors,Management,Yes,0-1 Miles,Pacific,No
11165,Married,Female,1,1,60000,0,3,2,1,33,0,0,Partial College,Skilled Manual,No,1-2 Miles,North America,No
11199,Married,Female,1,1,70000,4,4,5,1,59,1,0,Bachelors,Management,Yes,10+ Miles,North America,No
11200,Married,Male,1,0,70000,4,4,2,1,58,1,0,Bachelors,Management,Yes,1-2 Miles,North America,No
11219,Married,Male,1,0,60000,2,2,5,2,55,1,0,High School,Professional,Yes,10+ Miles,North America,No
11225,Married,Female,1,1,60000,2,3,5,1,55,1,0,Partial College,Professional,Yes,10+ Miles,North America,No
11233,Married,Male,1,0,70000,4,3,5,2,53,1,0,Partial College,Professional,Yes,10+ Miles,North America,No
11249,Married,Female,1,1,130000,3,3,1,3,51,1,1,Partial College,Professional,Yes,0-1 Miles,Europe,Yes
11255,Married,Male,1,0,70000,4,5,4,2,73,1,0,Graduate Degree,Management,Yes,5-10 Miles,North America,No
11259,Married,Female,1,1,100000,4,3,3,4,41,1,1,Partial College,Professional,Yes,2-5 Miles,North America,Yes
11262,Married,Female,1,1,80000,4,4,1,0,42,1,0,Bachelors,Management,Yes,0-1 Miles,North America,No
11269,Married,Male,1,0,130000,2,5,1,2,41,1,0,Graduate Degree,Management,Yes,0-1 Miles,North America,No
11270,Married,Male,1,0,130000,2,5,1,3,42,1,1,Graduate Degree,Management,Yes,0-1 Miles,North America,Yes
11275,Married,Female,1,1,80000,4,5,1,2,72,1,1,Graduate Degree,Management,Yes,0-1 Miles,North America,Yes
11287,Married,Male,1,0,70000,5,3,4,3,45,0,0,Partial College,Professional,No,5-10 Miles,North America,No
11292,Single,Male,0,0,150000,1,3,1,3,44,0,1,Partial College,Professional,No,0-1 Miles,North America,Yes
11303,Single,Female,0,1,90000,4,2,2,3,45,0,1,High School,Professional,No,1-2 Miles,North America,Yes
11340,Married,Female,1,1,10000,1,5,1,0,70,1,1,Graduate Degree,Clerical,Yes,0-1 Miles,Europe,Yes
11378,Single,Female,0,1,10000,1,2,3,1,46,0,1,High School,Manual,No,2-5 Miles,Europe,Yes
11381,Married,Female,1,1,20000,2,3,3,1,47,1,1,Partial College,Manual,Yes,2-5 Miles,Europe,Yes
11383,Married,Female,1,1,30000,3,5,1,0,46,1,0,Graduate Degree,Clerical,Yes,0-1 Miles,Europe,No
11386,Married,Female,1,1,30000,3,4,1,0,45,1,0,Bachelors,Clerical,Yes,0-1 Miles,Europe,No
11415,Single,Male,0,0,90000,5,3,5,2,62,0,0,Partial College,Professional,No,10+ Miles,Europe,No
11434,Married,Male,1,0,170000,5,3,1,4,55,1,0,Partial College,Professional,Yes,0-1 Miles,Europe,No
11451,Single,Male,0,0,70000,0,4,5,4,31,0,1,Bachelors,Professional,No,10+ Miles,Pacific,Yes
11453,Single,Male,0,0,80000,0,4,5,3,33,0,1,Bachelors,Professional,No,10+ Miles,Pacific,Yes
11489,Single,Female,0,1,20000,0,1,2,2,35,0,1,Partial High School,Manual,No,1-2 Miles,Europe,Yes
11538,Single,Female,0,1,60000,4,5,1,0,47,0,1,Graduate Degree,Skilled Manual,No,0-1 Miles,North America,Yes
11540,Single,Male,0,0,60000,4,5,2,0,47,1,1,Graduate Degree,Skilled Manual,Yes,1-2 Miles,North America,Yes
11555,Married,Female,1,1,40000,1,4,1,0,80,1,0,Bachelors,Clerical,Yes,0-1 Miles,Europe,No
11576,Married,Male,1,0,30000,1,4,1,2,41,1,1,Bachelors,Skilled Manual,Yes,0-1 Miles,Europe,Yes
11585,Married,Female,1,1,40000,1,4,1,0,41,1,0,Bachelors,Skilled Manual,Yes,0-1 Miles,Europe,No
11619,Single,Female,0,1,50000,0,5,2,0,33,1,0,Graduate Degree,Skilled Manual,Yes,1-2 Miles,North America,No
11622,Married,Male,1,0,50000,0,5,1,0,32,1,0,Graduate Degree,Skilled Manual,Yes,0-1 Miles,North America,No
11641,Married,Male,1,0,50000,1,4,1,0,36,1,0,Bachelors,Skilled Manual,Yes,0-1 Miles,North America,No
11644,Single,Male,0,0,40000,2,4,3,0,36,1,0,Bachelors,Skilled Manual,Yes,2-5 Miles,North America,No
11663,Married,Male,1,0,70000,4,5,1,0,36,1,1,Graduate Degree,Professional,Yes,0-1 Miles,North America,Yes
11669,Single,Female,0,1,70000,2,4,3,1,38,1,0,Bachelors,Skilled Manual,Yes,2-5 Miles,North America,No
11699,Single,Male,0,0,60000,4,4,1,2,43,0,0,Bachelors,Skilled Manual,No,0-1 Miles,North America,No
11734,Married,Male,1,0,60000,1,3,1,1,47,0,0,Partial College,Skilled Manual,No,0-1 Miles,North America,No
11738,Married,Male,1,0,60000,4,4,3,0,46,1,0,Bachelors,Professional,Yes,2-5 Miles,North America,No
11745,Married,Female,1,1,60000,1,4,1,1,47,1,1,Bachelors,Professional,Yes,0-1 Miles,North America,Yes
11783,Married,Female,1,1,60000,1,5,1,0,34,1,0,Graduate Degree,Skilled Manual,Yes,0-1 Miles,North America,No
11788,Single,Female,0,1,70000,1,5,3,0,34,1,0,Graduate Degree,Professional,Yes,2-5 Miles,North America,No
11801,Married,Male,1,0,60000,1,5,3,0,36,1,0,Graduate Degree,Professional,Yes,2-5 Miles,North America,No
11807,Married,Male,1,0,70000,3,5,3,0,34,1,0,Graduate Degree,Professional,Yes,2-5 Miles,North America,No
11809,Married,Male,1,0,60000,2,4,1,0,38,1,1,Bachelors,Skilled Manual,Yes,0-1 Miles,North America,Yes
11817,Single,Female,0,1,70000,4,5,3,0,35,1,1,Graduate Degree,Professional,Yes,2-5 Miles,North America,Yes
11823,Married,Female,1,1,70000,0,5,3,0,39,1,0,Graduate Degree,Professional,Yes,2-5 Miles,North America,No
11886,Married,Female,1,1,60000,3,4,1,1,48,1,1,Bachelors,Professional,Yes,0-1 Miles,North America,Yes
11890,Married,Female,1,1,70000,5,5,1,1,47,1,0,Graduate Degree,Professional,Yes,0-1 Miles,North America,No
11896,Married,Male,1,0,100000,1,5,3,0,36,1,1,Graduate Degree,Management,Yes,2-5 Miles,Pacific,Yes
11897,Single,Male,0,0,60000,2,4,1,1,37,0,1,Bachelors,Professional,No,0-1 Miles,Pacific,Yes
11935,Single,Female,0,1,30000,0,3,4,1,28,1,0,Partial College,Skilled Manual,Yes,5-10 Miles,North America,No
11941,Single,Male,0,0,60000,0,3,4,2,29,1,0,Partial College,Skilled Manual,Yes,5-10 Miles,North America,No
12029,Married,Male,1,0,30000,0,1,1,2,28,0,0,Partial High School,Clerical,No,0-1 Miles,North America,No
12033,Single,Female,0,1,40000,0,2,1,2,27,0,1,High School,Skilled Manual,No,0-1 Miles,North America,Yes
12056,Married,Male,1,0,120000,2,5,4,3,64,1,0,Graduate Degree,Management,Yes,5-10 Miles,North America,No
12100,Single,Male,0,0,60000,2,4,5,0,57,1,0,Bachelors,Management,Yes,10+ Miles,North America,No
12121,Single,Male,0,0,60000,3,2,5,2,53,1,1,High School,Professional,Yes,10+ Miles,North America,Yes
12133,Married,Female,1,1,130000,3,3,4,3,50,1,1,Partial College,Professional,Yes,5-10 Miles,Europe,Yes
12153,Single,Female,0,1,70000,3,3,4,1,49,1,1,Partial College,Professional,Yes,5-10 Miles,North America,Yes
12192,Single,Female,0,1,60000,2,1,2,2,51,0,0,Partial High School,Skilled Manual,No,1-2 Miles,North America,No
12195,Single,Female,0,1,70000,3,5,2,2,52,1,0,Graduate Degree,Management,Yes,1-2 Miles,North America,No
12205,Single,Female,0,1,130000,2,4,1,4,67,0,0,Bachelors,Management,No,0-1 Miles,North America,No
12207,Single,Male,0,0,80000,4,4,4,2,66,1,1,Bachelors,Management,Yes,5-10 Miles,North America,Yes
12212,Married,Female,1,1,10000,0,5,1,0,37,1,1,Graduate Degree,Manual,Yes,0-1 Miles,Europe,Yes
12231,Single,Female,0,1,10000,2,3,1,0,51,1,1,Partial College,Manual,Yes,0-1 Miles,Europe,Yes
12234,Married,Male,1,0,10000,2,3,3,1,52,1,0,Partial College,Manual,Yes,2-5 Miles,Europe,No
12236,Married,Female,1,1,20000,1,3,1,0,65,1,0,Partial College,Manual,Yes,0-1 Miles,Europe,No
12253,Single,Female,0,1,20000,0,3,1,0,29,1,1,Partial College,Manual,Yes,0-1 Miles,Pacific,Yes
12273,Married,Male,1,0,30000,1,4,1,0,47,1,0,Bachelors,Clerical,Yes,0-1 Miles,Europe,No
12274,Single,Male,0,0,10000,2,2,1,0,35,1,0,High School,Manual,Yes,0-1 Miles,Europe,No
12284,Married,Female,1,1,30000,0,4,1,0,36,0,1,Bachelors,Clerical,No,0-1 Miles,Europe,Yes
12291,Single,Male,0,0,90000,5,3,3,2,62,0,1,Partial College,Professional,No,2-5 Miles,Europe,Yes
12332,Married,Male,1,0,90000,4,2,4,3,58,1,1,High School,Management,Yes,5-10 Miles,Europe,Yes
12344,Single,Female,0,1,80000,0,4,5,3,31,0,0,Bachelors,Professional,No,10+ Miles,Pacific,No
12389,Single,Male,0,0,30000,0,2,3,1,34,0,0,High School,Manual,No,2-5 Miles,Europe,No
12452,Married,Male,1,0,60000,4,5,2,0,47,1,1,Graduate Degree,Skilled Manual,Yes,1-2 Miles,North America,Yes
12472,Married,Male,1,0,30000,1,4,3,1,39,1,0,Bachelors,Clerical,Yes,2-5 Miles,Europe,No
12496,Married,Female,1,1,40000,1,4,1,0,42,1,0,Bachelors,Skilled Manual,Yes,0-1 Miles,Europe,No
12497,Married,Female,1,1,40000,1,4,1,0,42,1,0,Bachelors,Skilled Manual,Yes,0-1 Miles,Europe,No
12503,Single,Female,0,1,30000,3,3,1,2,27,1,0,Partial College,Clerical,Yes,0-1 Miles,Europe,No
12507,Married,Male,1,0,30000,1,3,1,1,43,1,0,Partial College,Clerical,Yes,0-1 Miles,Europe,No
12510,Married,Male,1,0,40000,1,4,1,1,43,1,1,Bachelors,Skilled Manual,Yes,0-1 Miles,Europe,Yes
12558,Married,Female,1,1,20000,1,4,1,0,65,1,0,Bachelors,Clerical,Yes,0-1 Miles,Europe,No
12568,Married,Female,1,1,30000,1,4,1,0,64,1,0,Bachelors,Clerical,Yes,0-1 Miles,Europe,No
12581,Single,Female,0,1,10000,0,3,1,1,28,0,1,Partial College,Manual,No,0-1 Miles,Pacific,Yes
12585,Married,Male,1,0,10000,1,2,3,0,27,1,1,High School,Manual,Yes,2-5 Miles,Pacific,Yes
12590,Single,Male,0,0,30000,1,4,1,0,63,1,0,Bachelors,Clerical,Yes,0-1 Miles,Europe,No
12591,Married,Female,1,1,30000,4,5,1,0,45,1,0,Graduate Degree,Clerical,Yes,0-1 Miles,Europe,No
12610,Married,Female,1,1,30000,1,4,1,0,47,1,0,Bachelors,Clerical,Yes,0-1 Miles,Europe,No
12629,Single,Male,0,0,20000,1,3,1,0,37,0,0,Partial College,Manual,No,0-1 Miles,Europe,No
12663,Married,Female,1,1,90000,5,1,5,2,59,1,0,Partial High School,Skilled Manual,Yes,10+ Miles,Europe,No
12664,Married,Female,1,1,130000,5,3,1,4,59,1,0,Partial College,Professional,Yes,0-1 Miles,Europe,No
12666,Single,Male,0,0,60000,0,4,3,4,31,0,0,Bachelors,Professional,No,2-5 Miles,Pacific,No
12678,Single,Female,0,1,130000,4,2,1,4,31,1,0,High School,Management,Yes,0-1 Miles,Pacific,No
12697,Single,Female,0,1,90000,0,4,5,4,36,0,0,Bachelors,Professional,No,10+ Miles,Pacific,No
12705,Married,Male,1,0,150000,0,4,1,4,37,1,1,Bachelors,Management,Yes,0-1 Miles,Pacific,Yes
12716,Single,Male,0,0,30000,0,3,3,1,32,1,0,Partial College,Clerical,Yes,2-5 Miles,Europe,No
12718,Single,Female,0,1,30000,0,3,3,1,31,1,0,Partial College,Clerical,Yes,2-5 Miles,Europe,No
12728,Single,Male,0,0,30000,0,3,2,1,27,0,0,Partial College,Clerical,No,1-2 Miles,Europe,No
12731,Single,Male,0,0,30000,0,2,2,1,32,0,0,High School,Manual,No,1-2 Miles,Europe,No
12744,Single,Female,0,1,40000,2,3,1,0,33,1,0,Partial College,Clerical,Yes,0-1 Miles,Europe,No
12768,Married,Male,1,0,30000,1,2,3,1,52,1,1,High School,Clerical,Yes,2-5 Miles,North America,Yes
12774,Married,Female,1,1,40000,1,3,2,1,51,1,1,Partial College,Clerical,Yes,1-2 Miles,North America,Yes
12808,Married,Male,1,0,40000,0,4,1,0,38,1,1,Bachelors,Clerical,Yes,0-1 Miles,Europe,Yes
12821,Married,Male,1,0,40000,0,4,1,0,39,1,0,Bachelors,Clerical,Yes,0-1 Miles,Europe,No
12833,Single,Female,0,1,20000,3,2,1,1,42,1,1,High School,Manual,Yes,0-1 Miles,Europe,Yes
12871,Single,Female,0,1,30000,0,3,3,1,29,0,0,Partial College,Clerical,No,2-5 Miles,Europe,No
12882,Married,Male,1,0,50000,1,5,1,0,33,1,1,Graduate Degree,Skilled Manual,Yes,0-1 Miles,North America,Yes
12922,Single,Female,0,1,60000,3,4,3,0,40,1,1,Bachelors,Skilled Manual,Yes,2-5 Miles,North America,Yes
12957,Single,Female,0,1,70000,1,4,1,1,44,0,0,Bachelors,Professional,No,0-1 Miles,North America,No
12964,Married,Male,1,0,70000,1,3,1,1,44,1,0,Partial College,Skilled Manual,Yes,0-1 Miles,North America,No
12993,Married,Male,1,0,60000,2,4,3,1,37,1,0,Bachelors,Professional,Yes,2-5 Miles,Pacific,No
13066,Single,Male,0,0,30000,0,2,2,2,31,0,1,High School,Skilled Manual,No,1-2 Miles,North America,Yes
13073,Married,Female,1,1,60000,0,3,4,2,30,1,0,Partial College,Professional,Yes,5-10 Miles,North America,No
13082,Single,Male,0,0,130000,0,5,3,0,48,1,1,Graduate Degree,Management,Yes,2-5 Miles,Pacific,Yes
13089,Married,Female,1,1,120000,1,4,1,2,46,1,1,Bachelors,Management,Yes,0-1 Miles,Pacific,Yes
13122,Married,Female,1,1,80000,0,4,2,1,41,1,1,Bachelors,Professional,Yes,1-2 Miles,Pacific,Yes
13133,Single,Male,0,0,100000,5,4,4,1,47,1,1,Bachelors,Professional,Yes,5-10 Miles,Pacific,Yes
13136,Married,Female,1,1,30000,2,3,4,2,69,0,0,Partial College,Clerical,No,5-10 Miles,Pacific,No
13151,Single,Male,0,0,40000,0,2,4,2,27,1,0,High School,Skilled Manual,Yes,5-10 Miles,North America,No
13154,Married,Male,1,0,40000,0,2,1,2,27,0,1,High School,Skilled Manual,No,0-1 Miles,North America,Yes
13176,Single,Male,0,0,130000,0,5,1,2,38,0,1,Graduate Degree,Management,No,0-1 Miles,North America,Yes
13216,Married,Female,1,1,60000,5,4,5,3,59,1,0,Bachelors,Management,Yes,10+ Miles,North America,No
13233,Married,Male,1,0,60000,2,3,5,1,57,1,1,Partial College,Professional,Yes,10+ Miles,North America,Yes
13283,Married,Male,1,0,80000,3,3,1,2,49,0,1,Partial College,Professional,No,0-1 Miles,North America,Yes
13287,Single,Male,0,0,110000,4,4,4,4,42,1,1,Bachelors,Management,Yes,5-10 Miles,North America,Yes
13296,Married,Male,1,0,110000,1,4,4,3,45,1,0,Bachelors,Management,Yes,5-10 Miles,North America,No
13313,Married,Female,1,1,120000,1,2,3,4,45,0,0,High School,Professional,No,2-5 Miles,North America,No
13314,Married,Male,1,0,120000,1,2,4,4,46,1,1,High School,Professional,Yes,5-10 Miles,North America,Yes
13337,Married,Female,1,1,80000,5,4,4,2,64,1,0,Bachelors,Management,Yes,5-10 Miles,North America,No
13343,Married,Female,1,1,90000,5,4,2,2,63,1,1,Bachelors,Management,Yes,1-2 Miles,North America,Yes
13351,Single,Female,0,1,70000,4,4,2,2,62,1,1,Bachelors,Management,Yes,1-2 Miles,North America,Yes
13353,Single,Female,0,1,60000,4,5,5,2,61,1,1,Graduate Degree,Management,Yes,10+ Miles,North America,Yes
13382,Married,Male,1,0,70000,5,3,2,2,57,1,1,Partial College,Professional,Yes,1-2 Miles,North America,Yes
13388,Single,Male,0,0,60000,2,3,5,1,56,1,0,Partial College,Professional,Yes,10+ Miles,North America,No
13390,Married,Female,1,1,70000,4,3,2,1,56,0,0,Partial College,Professional,No,1-2 Miles,North America,No
13415,Single,Male,0,0,100000,1,5,3,3,73,1,1,Graduate Degree,Management,Yes,2-5 Miles,North America,Yes
13453,Married,Female,1,1,130000,1,4,1,3,45,1,1,Bachelors,Management,Yes,0-1 Miles,North America,Yes
13466,Married,Male,1,0,80000,5,3,2,3,46,1,0,Partial College,Professional,Yes,1-2 Miles,North America,No
13507,Married,Female,1,1,10000,2,3,2,0,50,1,0,Partial College,Manual,Yes,1-2 Miles,Europe,No
13572,Single,Male,0,0,10000,3,2,1,0,37,1,1,High School,Manual,Yes,0-1 Miles,Europe,Yes
13585,Married,Female,1,1,80000,4,3,3,1,53,0,1,Partial College,Professional,No,2-5 Miles,Europe,Yes
13586,Married,Male,1,0,80000,4,3,5,2,53,1,0,Partial College,Professional,Yes,10+ Miles,Europe,No
13620,Single,Male,0,0,70000,0,4,5,3,30,0,1,Bachelors,Professional,No,10+ Miles,Pacific,Yes
13662,Single,Male,0,0,20000,0,1,2,2,31,1,1,Partial High School,Manual,Yes,1-2 Miles,Europe,Yes
13673,Single,Female,0,1,20000,0,1,1,2,25,0,0,Partial High School,Manual,No,0-1 Miles,Europe,No
13683,Single,Female,0,1,30000,0,2,3,1,32,0,0,High School,Manual,No,2-5 Miles,Europe,No
13687,Married,Male,1,0,40000,1,4,1,1,33,1,1,Bachelors,Skilled Manual,Yes,0-1 Miles,Europe,Yes
13690,Single,Female,0,1,20000,0,1,2,2,34,0,1,Partial High School,Manual,No,1-2 Miles,Europe,Yes
13714,Married,Female,1,1,20000,2,2,2,2,53,0,1,High School,Manual,No,1-2 Miles,North America,Yes
13749,Married,Male,1,0,80000,4,5,2,0,47,1,0,Graduate Degree,Skilled Manual,Yes,1-2 Miles,North America,No
13754,Single,Female,0,1,80000,4,5,2,0,48,1,0,Graduate Degree,Skilled Manual,Yes,1-2 Miles,North America,No
13760,Married,Male,1,0,60000,4,5,1,0,47,0,0,Graduate Degree,Skilled Manual,No,0-1 Miles,North America,No
13813,Married,Female,1,1,30000,3,3,1,0,42,0,0,Partial College,Clerical,No,0-1 Miles,Europe,No
13826,Single,Female,0,1,30000,0,3,1,1,28,0,0,Partial College,Clerical,No,0-1 Miles,Europe,No
13873,Married,Male,1,0,70000,3,5,1,0,35,1,1,Graduate Degree,Professional,Yes,0-1 Miles,North America,Yes
13886,Married,Female,1,1,70000,4,5,3,0,35,1,1,Graduate Degree,Professional,Yes,2-5 Miles,North America,Yes
13907,Single,Female,0,1,80000,3,4,1,1,41,1,1,Bachelors,Skilled Manual,Yes,0-1 Miles,North America,Yes
13911,Single,Female,0,1,80000,3,4,3,2,41,1,1,Bachelors,Skilled Manual,Yes,2-5 Miles,North America,Yes
13920,Single,Female,0,1,50000,4,4,1,2,42,1,0,Bachelors,Skilled Manual,Yes,0-1 Miles,North America,No
13934,Married,Male,1,0,40000,4,2,3,2,46,1,0,High School,Skilled Manual,Yes,2-5 Miles,North America,No
13942,Married,Male,1,0,60000,1,3,1,1,46,1,0,Partial College,Skilled Manual,Yes,0-1 Miles,North America,No
13961,Married,Female,1,1,80000,5,5,1,3,40,1,0,Graduate Degree,Management,Yes,0-1 Miles,Pacific,No
13981,Married,Female,1,1,10000,5,2,2,3,62,0,0,High School,Skilled Manual,No,1-2 Miles,Pacific,No
14032,Married,Male,1,0,70000,2,2,2,2,50,0,1,High School,Skilled Manual,No,1-2 Miles,Pacific,Yes
14058,Single,Male,0,0,70000,0,4,4,1,41,0,1,Bachelors,Professional,No,5-10 Miles,Pacific,Yes
14063,Single,Female,0,1,70000,0,4,1,1,42,0,1,Bachelors,Professional,No,0-1 Miles,Pacific,Yes
14077,Single,Male,0,0,30000,0,2,4,2,30,1,0,High School,Skilled Manual,Yes,5-10 Miles,North America,No
14090,Married,Female,1,1,30000,0,1,1,2,28,0,0,Partial High School,Clerical,No,0-1 Miles,North America,No
14092,Single,Male,0,0,30000,0,1,4,2,28,1,0,Partial High School,Clerical,Yes,5-10 Miles,North America,No
14135,Married,Male,1,0,20000,1,3,2,0,63,1,0,Partial College,Manual,Yes,1-2 Miles,Europe,No
14154,Married,Male,1,0,30000,0,4,1,0,35,1,1,Bachelors,Clerical,Yes,0-1 Miles,Europe,Yes
14164,Single,Female,0,1,50000,0,5,1,0,36,1,1,Graduate Degree,Skilled Manual,Yes,0-1 Miles,Europe,Yes
14177,Married,Male,1,0,80000,5,3,3,2,60,0,0,Partial College,Professional,No,2-5 Miles,Europe,No
14189,Married,Female,1,1,90000,4,2,3,2,54,0,1,High School,Professional,No,2-5 Miles,Europe,Yes
14191,Married,Male,1,0,160000,4,3,5,2,55,0,1,Partial College,Professional,No,10+ Miles,Europe,Yes
14192,Married,Male,1,0,90000,4,2,4,3,56,1,1,High School,Management,Yes,5-10 Miles,Europe,Yes
14193,Single,Female,0,1,100000,3,3,5,4,56,1,0,Partial College,Management,Yes,10+ Miles,Europe,No
14233,Single,Male,0,0,100000,0,2,5,3,35,1,0,High School,Management,Yes,10+ Miles,Pacific,No
14238,Married,Male,1,0,120000,0,1,5,4,36,1,1,Partial High School,Professional,Yes,10+ Miles,Pacific,Yes
14271,Married,Male,1,0,30000,0,2,4,2,32,1,0,High School,Skilled Manual,Yes,5-10 Miles,North America,No
14278,Married,Female,1,1,130000,0,5,5,1,48,1,0,Graduate Degree,Management,Yes,10+ Miles,Pacific,No
14284,Single,Male,0,0,60000,0,3,2,2,32,0,1,Partial College,Professional,No,1-2 Miles,North America,Yes
14312,Married,Female,1,1,60000,1,3,4,1,45,1,0,Partial College,Skilled Manual,Yes,5-10 Miles,Pacific,No
14332,Single,Female,0,1,30000,0,2,4,2,26,0,0,High School,Skilled Manual,No,5-10 Miles,North America,No
14347,Single,Female,0,1,40000,2,4,4,2,65,1,1,Bachelors,Management,Yes,5-10 Miles,Pacific,Yes
14389,Married,Male,1,0,60000,2,4,3,0,59,1,0,Bachelors,Management,Yes,2-5 Miles,North America,No
14417,Single,Male,0,0,60000,3,2,5,2,54,1,1,High School,Professional,Yes,10+ Miles,North America,Yes
14432,Single,Male,0,0,90000,4,5,4,1,73,1,0,Graduate Degree,Management,Yes,5-10 Miles,North America,No
14443,Married,Male,1,0,130000,1,5,1,4,40,1,0,Graduate Degree,Management,Yes,0-1 Miles,North America,No
14469,Married,Female,1,1,100000,3,3,2,4,45,1,0,Partial College,Professional,Yes,1-2 Miles,North America,No
14493,Single,Female,0,1,70000,3,5,2,2,53,0,0,Graduate Degree,Management,No,1-2 Miles,North America,No
14495,Married,Male,1,0,40000,3,3,4,2,54,0,1,Partial College,Professional,No,5-10 Miles,North America,Yes
14507,Married,Male,1,0,100000,2,5,2,3,65,1,0,Graduate Degree,Management,Yes,1-2 Miles,North America,No
14514,Single,Female,0,1,30000,0,3,4,1,26,1,0,Partial College,Skilled Manual,Yes,5-10 Miles,North America,No
14517,Married,Female,1,1,20000,3,2,2,2,62,0,0,High School,Skilled Manual,No,1-2 Miles,Pacific,No
14544,Single,Male,0,0,10000,1,3,1,0,49,1,0,Partial College,Manual,Yes,0-1 Miles,Europe,No
14545,Married,Female,1,1,10000,2,3,2,0,49,1,0,Partial College,Manual,Yes,1-2 Miles,Europe,No
14547,Married,Male,1,0,10000,2,3,2,0,51,1,0,Partial College,Manual,Yes,1-2 Miles,Europe,No
14554,Married,Male,1,0,20000,1,4,1,0,66,1,0,Bachelors,Clerical,Yes,0-1 Miles,Europe,No
14569,Married,Male,1,0,60000,1,5,1,0,35,1,0,Graduate Degree,Professional,Yes,0-1 Miles,North America,No
14572,Married,Female,1,1,70000,3,5,3,0,35,1,1,Graduate Degree,Professional,Yes,2-5 Miles,North America,Yes
14592,Married,Female,1,1,60000,0,5,1,0,40,1,0,Graduate Degree,Professional,Yes,0-1 Miles,North America,No
14602,Married,Female,1,1,80000,3,5,1,0,36,1,1,Graduate Degree,Professional,Yes,0-1 Miles,North America,Yes
14608,Married,Male,1,0,50000,4,4,5,3,42,1,0,Bachelors,Skilled Manual,Yes,10+ Miles,North America,No
14633,Married,Male,1,0,60000,1,3,3,1,44,1,0,Partial College,Skilled Manual,Yes,2-5 Miles,North America,No
14657,Married,Male,1,0,80000,1,3,1,1,47,0,1,Partial College,Skilled Manual,No,0-1 Miles,North America,Yes
14662,Married,Male,1,0,60000,1,4,1,1,48,1,1,Bachelors,Professional,Yes,0-1 Miles,North America,Yes
14669,Married,Female,1,1,80000,4,5,1,1,36,1,0,Graduate Degree,Management,Yes,0-1 Miles,Pacific,No
14682,Single,Female,0,1,70000,0,4,4,1,38,0,0,Bachelors,Professional,No,5-10 Miles,Pacific,No
14696,Single,Male,0,0,10000,0,1,1,2,34,0,0,Partial High School,Manual,No,0-1 Miles,Europe,No
14754,Married,Male,1,0,40000,1,3,2,1,48,1,1,Partial College,Clerical,Yes,1-2 Miles,North America,Yes
14777,Married,Female,1,1,40000,0,4,1,0,38,1,1,Bachelors,Clerical,Yes,0-1 Miles,Europe,Yes
14785,Single,Male,0,0,30000,1,4,2,1,39,0,0,Bachelors,Clerical,No,1-2 Miles,Europe,No
14791,Married,Female,1,1,40000,0,4,1,0,39,1,1,Bachelors,Clerical,Yes,0-1 Miles,Europe,Yes
14798,Single,Female,0,1,10000,4,1,1,2,41,1,1,Partial High School,Manual,Yes,0-1 Miles,Europe,Yes
14804,Single,Female,0,1,10000,3,1,1,2,43,1,0,Partial High School,Manual,Yes,0-1 Miles,Europe,No
14805,Single,Female,0,1,10000,3,1,1,2,43,1,0,Partial High School,Manual,Yes,0-1 Miles,Europe,No
14813,Single,Female,0,1,20000,4,2,1,1,43,1,1,High School,Manual,Yes,0-1 Miles,Europe,Yes
14832,Married,Male,1,0,40000,1,4,1,0,42,1,1,Bachelors,Skilled Manual,Yes,0-1 Miles,Europe,Yes
14865,Single,Male,0,0,40000,2,3,2,2,36,1,0,Partial College,Clerical,Yes,1-2 Miles,Europe,No
14872,Married,Male,1,0,30000,0,5,1,0,32,1,0,Graduate Degree,Skilled Manual,Yes,0-1 Miles,North America,No
14883,Married,Female,1,1,30000,1,4,4,1,53,1,1,Bachelors,Skilled Manual,Yes,5-10 Miles,North America,Yes
14887,Married,Female,1,1,30000,1,2,4,1,52,1,0,High School,Clerical,Yes,5-10 Miles,North America,No
14900,Married,Female,1,1,40000,1,3,2,1,49,1,1,Partial College,Clerical,Yes,1-2 Miles,North America,Yes
14913,Married,Female,1,1,40000,1,3,2,1,48,1,1,Partial College,Clerical,Yes,1-2 Miles,North America,Yes
14914,Married,Female,1,1,40000,1,3,2,1,49,1,1,Partial College,Clerical,Yes,1-2 Miles,North America,Yes
14926,Married,Male,1,0,30000,1,4,1,0,38,1,1,Bachelors,Clerical,Yes,0-1 Miles,Europe,Yes
14927,Married,Female,1,1,30000,1,4,1,0,37,1,1,Bachelors,Clerical,Yes,0-1 Miles,Europe,Yes
14939,Married,Male,1,0,40000,0,4,1,0,39,1,1,Bachelors,Clerical,Yes,0-1 Miles,Europe,Yes
15019,Single,Female,0,1,30000,3,2,4,2,55,1,0,High School,Skilled Manual,Yes,5-10 Miles,Pacific,No
15030,Married,Male,1,0,20000,0,4,1,0,26,1,1,Bachelors,Clerical,Yes,0-1 Miles,Pacific,Yes
15194,Single,Male,0,0,120000,2,4,1,3,39,0,1,Bachelors,Management,No,0-1 Miles,North America,Yes
15214,Single,Female,0,1,100000,0,5,2,1,39,0,1,Graduate Degree,Management,No,1-2 Miles,Pacific,Yes
15255,Married,Male,1,0,40000,0,2,4,2,28,1,1,High School,Skilled Manual,Yes,5-10 Miles,North America,Yes
15265,Single,Male,0,0,40000,2,4,4,2,66,1,1,Bachelors,Management,Yes,5-10 Miles,Pacific,Yes
15272,Single,Male,0,0,40000,0,2,2,2,30,0,0,High School,Skilled Manual,No,1-2 Miles,North America,No
15275,Married,Male,1,0,40000,0,3,4,1,29,1,0,Partial College,Skilled Manual,Yes,5-10 Miles,North America,No
15287,Single,Female,0,1,50000,1,5,2,0,33,1,1,Graduate Degree,Skilled Manual,Yes,1-2 Miles,North America,Yes
15292,Single,Female,0,1,60000,1,5,2,0,35,1,0,Graduate Degree,Skilled Manual,Yes,1-2 Miles,North America,No
15302,Single,Female,0,1,70000,1,5,3,0,34,1,1,Graduate Degree,Professional,Yes,2-5 Miles,North America,Yes
15313,Married,Male,1,0,60000,4,4,3,2,59,1,0,Bachelors,Management,Yes,2-5 Miles,North America,No
15319,Married,Female,1,1,70000,4,4,2,1,59,0,0,Bachelors,Management,No,1-2 Miles,North America,No
15372,Married,Male,1,0,80000,3,3,3,2,50,0,1,Partial College,Professional,No,2-5 Miles,North America,Yes
15382,Married,Female,1,1,110000,1,4,2,2,44,1,0,Bachelors,Management,Yes,1-2 Miles,North America,No
15412,Married,Male,1,0,130000,2,5,3,3,69,1,0,Graduate Degree,Management,Yes,2-5 Miles,North America,No
15450,Married,Male,1,0,10000,1,5,1,0,70,1,0,Graduate Degree,Clerical,Yes,0-1 Miles,Europe,No
15465,Married,Female,1,1,10000,0,3,1,1,25,0,0,Partial College,Manual,No,0-1 Miles,Pacific,No
15468,Married,Female,1,1,50000,1,4,1,1,35,1,0,Bachelors,Skilled Manual,Yes,0-1 Miles,North America,No
15501,Married,Male,1,0,70000,4,5,3,0,36,1,1,Graduate Degree,Professional,Yes,2-5 Miles,North America,Yes
15529,Married,Male,1,0,60000,4,4,3,2,43,1,1,Bachelors,Professional,Yes,2-5 Miles,North America,Yes
15532,Single,Male,0,0,60000,4,4,3,2,43,1,1,Bachelors,Professional,Yes,2-5 Miles,North America,Yes
15555,Married,Female,1,1,60000,1,3,3,1,45,1,1,Partial College,Skilled Manual,Yes,2-5 Miles,North America,Yes
15559,Married,Male,1,0,60000,5,4,3,1,47,1,0,Bachelors,Professional,Yes,2-5 Miles,North America,No
15580,Married,Male,1,0,60000,2,4,3,1,38,1,1,Bachelors,Professional,Yes,2-5 Miles,Pacific,Yes
15608,Single,Female,0,1,30000,0,3,3,1,33,0,0,Partial College,Clerical,No,2-5 Miles,Europe,No
15612,Single,Male,0,0,30000,0,2,2,1,28,0,0,High School,Manual,No,1-2 Miles,Europe,No
15628,Married,Female,1,1,40000,1,4,1,1,89,1,0,Bachelors,Skilled Manual,Yes,0-1 Miles,Europe,No
15629,Single,Female,0,1,10000,0,1,2,2,34,1,0,Partial High School,Manual,Yes,1-2 Miles,Europe,No
15657,Married,Male,1,0,30000,3,5,1,0,46,1,1,Graduate Degree,Clerical,Yes,0-1 Miles,Europe,Yes
15665,Married,Female,1,1,30000,0,4,1,0,47,1,1,Bachelors,Clerical,Yes,0-1 Miles,Europe,Yes
15682,Single,Female,0,1,80000,5,4,5,2,62,1,0,Bachelors,Management,Yes,10+ Miles,Europe,No
15740,Married,Male,1,0,80000,5,4,2,2,64,1,0,Bachelors,Management,Yes,1-2 Miles,North America,No
15749,Single,Female,0,1,70000,4,4,5,2,61,1,0,Bachelors,Management,Yes,10+ Miles,North America,No
15752,Married,Male,1,0,80000,2,2,2,2,50,0,1,High School,Skilled Manual,No,1-2 Miles,Pacific,Yes
15758,Married,Male,1,0,130000,0,5,4,0,48,1,0,Graduate Degree,Management,Yes,5-10 Miles,Pacific,No
15799,Married,Female,1,1,90000,1,4,3,1,47,1,1,Bachelors,Professional,Yes,2-5 Miles,Pacific,Yes
15814,Single,Female,0,1,40000,0,2,4,1,30,1,0,High School,Skilled Manual,Yes,5-10 Miles,North America,No
15822,Married,Male,1,0,40000,2,4,1,2,67,1,0,Bachelors,Management,Yes,0-1 Miles,Pacific,No
15839,Single,Male,0,0,30000,0,3,4,1,32,1,0,Partial College,Skilled Manual,Yes,5-10 Miles,North America,No
15862,Single,Female,0,1,50000,0,5,2,0,33,1,1,Graduate Degree,Skilled Manual,Yes,1-2 Miles,North America,Yes
15879,Married,Male,1,0,70000,5,4,3,2,61,1,0,Bachelors,Management,Yes,2-5 Miles,North America,No
15895,Single,Female,0,1,60000,2,4,5,0,58,1,0,Bachelors,Management,Yes,10+ Miles,North America,No
15922,Married,Male,1,0,150000,2,2,1,4,48,1,0,High School,Professional,Yes,0-1 Miles,Europe,No
15926,Single,Female,0,1,120000,3,2,4,4,50,1,1,High School,Professional,Yes,5-10 Miles,Europe,Yes
15940,Married,Male,1,0,100000,4,3,1,4,40,1,0,Partial College,Professional,Yes,0-1 Miles,North America,No
15982,Married,Male,1,0,110000,5,3,3,4,46,1,0,Partial College,Professional,Yes,2-5 Miles,North America,No
16007,Married,Female,1,1,90000,5,4,2,2,66,1,1,Bachelors,Management,Yes,1-2 Miles,North America,Yes
16009,Single,Male,0,0,170000,1,5,1,4,66,0,0,Graduate Degree,Management,No,0-1 Miles,North America,No
16020,Married,Male,1,0,40000,0,2,4,2,28,1,1,High School,Skilled Manual,Yes,5-10 Miles,North America,Yes
16043,Single,Male,0,0,10000,1,4,1,0,48,1,0,Bachelors,Manual,Yes,0-1 Miles,Europe,No
16112,Single,Male,0,0,70000,4,4,3,2,43,1,1,Bachelors,Professional,Yes,2-5 Miles,North America,Yes
16122,Married,Male,1,0,40000,4,2,1,2,44,1,1,High School,Skilled Manual,Yes,0-1 Miles,North America,Yes
16144,Married,Male,1,0,70000,1,5,1,1,46,1,1,Graduate Degree,Professional,Yes,0-1 Miles,North America,Yes
16145,Single,Female,0,1,70000,5,5,5,3,46,1,1,Graduate Degree,Professional,Yes,10+ Miles,North America,Yes
16151,Married,Female,1,1,60000,1,4,3,1,48,1,1,Bachelors,Professional,Yes,2-5 Miles,North America,Yes
16154,Married,Female,1,1,70000,5,4,3,2,47,1,0,Bachelors,Professional,Yes,2-5 Miles,North America,No
16163,Single,Male,0,0,60000,2,4,3,1,38,1,1,Bachelors,Professional,Yes,2-5 Miles,Pacific,Yes
16179,Single,Female,0,1,80000,5,4,2,4,38,1,0,Bachelors,Professional,Yes,1-2 Miles,Pacific,No
16185,Single,Male,0,0,60000,4,4,5,3,41,1,0,Bachelors,Professional,Yes,10+ Miles,Pacific,No
16188,Single,Female,0,1,20000,0,1,2,2,26,0,0,Partial High School,Manual,No,1-2 Miles,Europe,No
16200,Single,Female,0,1,10000,0,1,1,2,35,0,0,Partial High School,Manual,No,0-1 Miles,Europe,No
16209,Single,Female,0,1,50000,0,5,2,0,36,1,0,Graduate Degree,Skilled Manual,Yes,1-2 Miles,Europe,No
16217,Single,Female,0,1,60000,0,5,1,0,39,1,0,Graduate Degree,Skilled Manual,Yes,0-1 Miles,North America,No
16245,Single,Female,0,1,80000,4,5,2,0,47,1,0,Graduate Degree,Skilled Manual,Yes,1-2 Miles,North America,No
16247,Single,Female,0,1,60000,4,5,2,0,47,1,0,Graduate Degree,Skilled Manual,Yes,1-2 Miles,North America,No
16259,Single,Female,0,1,10000,4,1,1,2,40,1,1,Partial High School,Manual,Yes,0-1 Miles,Europe,Yes
16337,Married,Male,1,0,60000,0,3,2,2,29,0,0,Partial College,Skilled Manual,No,1-2 Miles,North America,No
16377,Single,Female,0,1,80000,4,5,1,0,47,0,0,Graduate Degree,Skilled Manual,No,0-1 Miles,North America,No
16390,Single,Male,0,0,30000,1,4,1,0,38,0,1,Bachelors,Clerical,No,0-1 Miles,Europe,Yes
16406,Married,Male,1,0,40000,0,4,1,0,38,0,1,Bachelors,Clerical,No,0-1 Miles,Europe,Yes
16410,Single,Female,0,1,10000,4,1,1,2,41,1,1,Partial High School,Manual,Yes,0-1 Miles,Europe,Yes
16438,Married,Female,1,1,10000,0,1,1,2,30,0,0,Partial High School,Manual,No,0-1 Miles,Europe,No
16466,Single,Female,0,1,20000,0,1,1,2,32,0,1,Partial High School,Manual,No,0-1 Miles,Europe,Yes
16468,Single,Male,0,0,30000,0,3,3,1,30,1,0,Partial College,Clerical,Yes,2-5 Miles,Europe,No
16487,Single,Female,0,1,30000,3,2,4,2,55,1,0,High School,Skilled Manual,Yes,5-10 Miles,Pacific,No
16489,Married,Male,1,0,30000,3,2,4,2,55,1,0,High School,Skilled Manual,Yes,5-10 Miles,Pacific,No
16514,Single,Male,0,0,10000,0,3,2,1,26,1,1,Partial College,Manual,Yes,1-2 Miles,Pacific,Yes
16549,Single,Female,0,1,30000,3,4,1,0,47,1,1,Bachelors,Clerical,Yes,0-1 Miles,Europe,Yes
16559,Single,Female,0,1,10000,2,2,1,0,36,1,1,High School,Manual,Yes,0-1 Miles,Europe,Yes
16614,Married,Female,1,1,80000,0,4,5,3,32,1,0,Bachelors,Professional,Yes,10+ Miles,Pacific,No
16651,Married,Female,1,1,120000,2,4,4,3,62,1,0,Bachelors,Management,Yes,5-10 Miles,North America,No
16675,Single,Female,0,1,160000,0,5,1,3,47,0,1,Graduate Degree,Management,No,0-1 Miles,Pacific,Yes
16713,Married,Male,1,0,40000,2,4,1,1,52,1,1,Bachelors,Management,Yes,0-1 Miles,Pacific,Yes
16725,Married,Male,1,0,30000,0,2,4,2,26,1,0,High School,Skilled Manual,Yes,5-10 Miles,North America,No
16751,Married,Male,1,0,60000,0,3,4,1,32,1,1,Partial College,Skilled Manual,Yes,5-10 Miles,North America,Yes
16753,Single,Female,0,1,70000,0,3,4,2,34,1,1,Partial College,Skilled Manual,Yes,5-10 Miles,North America,Yes
16773,Married,Male,1,0,60000,1,5,1,0,33,1,0,Graduate Degree,Skilled Manual,Yes,0-1 Miles,North America,No
16791,Single,Male,0,0,60000,5,4,5,3,59,1,1,Bachelors,Management,Yes,10+ Miles,North America,Yes
16795,Married,Female,1,1,70000,4,4,2,1,59,1,0,Bachelors,Management,Yes,1-2 Miles,North America,No
16813,Married,Male,1,0,60000,2,3,5,2,55,1,0,Partial College,Professional,Yes,10+ Miles,North America,No
16867,Single,Female,0,1,130000,1,4,1,3,45,0,1,Bachelors,Management,No,0-1 Miles,North America,Yes
16871,Married,Female,1,1,90000,2,2,5,1,51,1,1,High School,Professional,Yes,10+ Miles,North America,Yes
16890,Married,Male,1,0,60000,3,1,4,2,52,1,1,Partial High School,Skilled Manual,Yes,5-10 Miles,North America,Yes
16895,Married,Female,1,1,40000,3,3,2,2,54,0,1,Partial College,Professional,No,1-2 Miles,North America,Yes
16917,Married,Male,1,0,120000,1,4,1,4,38,1,0,Bachelors,Management,Yes,0-1 Miles,North America,No
17000,Single,Female,0,1,70000,4,4,3,2,43,1,1,Bachelors,Skilled Manual,Yes,2-5 Miles,North America,Yes
17012,Married,Female,1,1,60000,3,5,3,0,42,1,1,Graduate Degree,Professional,Yes,2-5 Miles,North America,Yes
17025,Single,Male,0,0,50000,0,3,3,1,39,0,1,Partial College,Skilled Manual,No,2-5 Miles,North America,Yes
17048,Single,Female,0,1,90000,1,5,1,0,36,1,1,Graduate Degree,Management,Yes,0-1 Miles,Pacific,Yes
17185,Married,Female,1,1,170000,4,3,4,3,48,0,1,Partial College,Professional,No,5-10 Miles,Europe,Yes
17191,Single,Male,0,0,130000,3,3,1,3,51,0,1,Partial College,Professional,No,0-1 Miles,Europe,Yes
17197,Single,Female,0,1,90000,5,3,5,2,62,1,0,Partial College,Professional,Yes,10+ Miles,Europe,No
17203,Married,Female,1,1,130000,4,3,4,4,61,1,1,Partial College,Professional,Yes,5-10 Miles,Europe,Yes
17230,Married,Male,1,0,80000,0,4,5,3,30,1,0,Bachelors,Professional,Yes,10+ Miles,Pacific,No
17238,Single,Male,0,0,80000,0,4,5,3,32,1,0,Bachelors,Professional,Yes,10+ Miles,Pacific,No
17260,Married,Male,1,0,90000,5,3,1,3,41,1,0,Partial College,Professional,Yes,0-1 Miles,North America,No
17269,Single,Male,0,0,60000,3,4,1,0,47,0,1,Bachelors,Professional,No,0-1 Miles,North America,Yes
17310,Married,Male,1,0,60000,1,3,1,1,45,1,1,Partial College,Skilled Manual,Yes,0-1 Miles,Pacific,Yes
17319,Single,Female,0,1,70000,0,4,4,1,42,0,0,Bachelors,Professional,No,5-10 Miles,Pacific,No
17324,Married,Female,1,1,100000,4,4,5,1,46,1,0,Bachelors,Professional,Yes,10+ Miles,Pacific,No
17337,Single,Male,0,0,40000,0,2,4,1,31,1,0,High School,Skilled Manual,Yes,5-10 Miles,North America,No
17352,Married,Male,1,0,50000,2,5,4,1,64,1,1,Graduate Degree,Management,Yes,5-10 Miles,Pacific,Yes
17369,Single,Male,0,0,30000,0,3,4,1,27,1,0,Partial College,Skilled Manual,Yes,5-10 Miles,North America,No
17436,Married,Male,1,0,60000,2,2,2,2,51,0,0,High School,Professional,No,1-2 Miles,North America,No
17450,Married,Male,1,0,80000,5,3,4,3,45,1,0,Partial College,Professional,Yes,5-10 Miles,North America,No
17458,Single,Male,0,0,70000,3,2,4,0,52,1,1,High School,Professional,Yes,5-10 Miles,North America,Yes
17462,Married,Male,1,0,70000,3,5,4,2,53,1,1,Graduate Degree,Management,Yes,5-10 Miles,North America,Yes
17471,Single,Female,0,1,80000,4,5,4,2,67,1,0,Graduate Degree,Management,Yes,5-10 Miles,North America,No
17482,Single,Female,0,1,40000,0,1,4,2,29,1,0,Partial High School,Clerical,Yes,5-10 Miles,North America,No
17504,Single,Female,0,1,80000,2,3,4,2,52,1,1,Partial College,Skilled Manual,Yes,5-10 Miles,Pacific,Yes
17519,Married,Female,1,1,60000,0,3,4,2,32,1,0,Partial College,Professional,Yes,5-10 Miles,North America,No
17522,Married,Male,1,0,120000,4,4,3,1,47,1,0,Bachelors,Management,Yes,2-5 Miles,Pacific,No
17531,Married,Male,1,0,60000,2,2,4,2,50,0,0,High School,Professional,No,5-10 Miles,North America,No
17533,Married,Male,1,0,40000,3,3,4,2,73,0,1,Partial College,Professional,No,5-10 Miles,North America,Yes
17541,Married,Female,1,1,40000,4,2,3,2,43,1,0,High School,Skilled Manual,Yes,2-5 Miles,North America,No
17546,Married,Female,1,1,70000,1,3,1,1,44,1,1,Partial College,Skilled Manual,Yes,0-1 Miles,North America,Yes
17650,Single,Female,0,1,40000,2,3,2,2,35,1,0,Partial College,Clerical,Yes,1-2 Miles,Europe,No
17654,Single,Female,0,1,40000,3,3,2,1,30,1,1,Partial College,Clerical,Yes,1-2 Miles,North America,Yes
17657,Married,Male,1,0,40000,4,3,1,0,30,0,0,Partial College,Clerical,No,0-1 Miles,North America,No
17668,Single,Male,0,0,30000,2,2,2,2,50,1,1,High School,Skilled Manual,Yes,1-2 Miles,North America,Yes
17699,Married,Male,1,0,60000,1,5,1,0,35,0,0,Graduate Degree,Skilled Manual,No,0-1 Miles,North America,No
17702,Married,Male,1,0,10000,1,5,1,0,37,1,0,Graduate Degree,Manual,Yes,0-1 Miles,Europe,No
17703,Married,Female,1,1,10000,1,5,1,0,40,1,0,Graduate Degree,Manual,Yes,0-1 Miles,Europe,No
17754,Single,Female,0,1,30000,3,4,1,0,46,1,1,Bachelors,Clerical,Yes,0-1 Miles,Europe,Yes
17793,Married,Female,1,1,40000,0,4,1,0,38,1,1,Bachelors,Clerical,Yes,0-1 Miles,Europe,Yes
17841,Single,Male,0,0,30000,0,3,1,1,29,0,1,Partial College,Clerical,No,0-1 Miles,Europe,Yes
17843,Single,Female,0,1,10000,0,1,1,2,32,0,0,Partial High School,Manual,No,0-1 Miles,Europe,No
17845,Single,Female,0,1,20000,0,1,2,2,32,0,0,Partial High School,Manual,No,1-2 Miles,Europe,No
17848,Single,Male,0,0,30000,0,3,3,1,31,0,1,Partial College,Clerical,No,2-5 Miles,Europe,Yes
17858,Married,Male,1,0,40000,4,2,3,2,44,1,1,High School,Skilled Manual,Yes,2-5 Miles,North America,Yes
17864,Married,Female,1,1,60000,1,3,3,1,46,1,1,Partial College,Skilled Manual,Yes,2-5 Miles,North America,Yes
17882,Married,Male,1,0,20000,1,5,1,0,44,1,0,Graduate Degree,Clerical,Yes,0-1 Miles,Europe,No
17891,Married,Female,1,1,10000,2,3,1,1,50,1,1,Partial College,Manual,Yes,0-1 Miles,Europe,Yes
17894,Married,Female,1,1,20000,1,4,1,0,50,1,1,Bachelors,Clerical,Yes,0-1 Miles,Europe,Yes
17907,Married,Female,1,1,10000,0,3,3,1,27,1,0,Partial College,Manual,Yes,2-5 Miles,Pacific,No
17926,Married,Female,1,1,20000,0,4,1,0,28,0,1,Bachelors,Clerical,No,0-1 Miles,Pacific,Yes
17960,Married,Female,1,1,40000,0,5,1,0,35,1,1,Graduate Degree,Clerical,Yes,0-1 Miles,Europe,Yes
17964,Married,Male,1,0,40000,0,5,1,0,37,1,1,Graduate Degree,Clerical,Yes,0-1 Miles,Europe,Yes
17978,Married,Male,1,0,40000,0,5,1,0,37,1,1,Graduate Degree,Clerical,Yes,0-1 Miles,Europe,Yes
17994,Single,Male,0,0,20000,2,2,1,2,42,1,0,High School,Manual,Yes,0-1 Miles,Europe,No
18012,Married,Female,1,1,40000,1,4,1,0,41,1,0,Bachelors,Skilled Manual,Yes,0-1 Miles,Europe,No
18018,Single,Male,0,0,30000,3,3,1,0,43,1,0,Partial College,Clerical,Yes,0-1 Miles,Europe,No
18050,Married,Female,1,1,60000,1,3,1,1,45,1,1,Partial College,Skilled Manual,Yes,0-1 Miles,North America,Yes
18052,Married,Female,1,1,60000,1,3,1,1,45,1,1,Partial College,Skilled Manual,Yes,0-1 Miles,North America,Yes
18058,Single,Female,0,1,20000,3,2,3,2,78,1,0,High School,Skilled Manual,Yes,2-5 Miles,North America,No
18066,Single,Male,0,0,70000,5,4,5,3,60,1,1,Bachelors,Management,Yes,10+ Miles,North America,Yes
18069,Married,Male,1,0,70000,5,4,5,4,60,1,0,Bachelors,Management,Yes,10+ Miles,North America,No
18105,Married,Female,1,1,60000,2,3,5,1,55,1,0,Partial College,Professional,Yes,10+ Miles,North America,No
18140,Married,Male,1,0,130000,3,3,4,3,51,0,1,Partial College,Professional,No,5-10 Miles,Europe,Yes
18144,Married,Female,1,1,80000,5,4,3,2,61,1,0,Bachelors,Management,Yes,2-5 Miles,Europe,No
18145,Married,Male,1,0,80000,5,4,3,2,62,0,0,Bachelors,Management,No,2-5 Miles,Europe,No
18151,Single,Male,0,0,80000,5,3,5,2,59,0,0,Partial College,Professional,No,10+ Miles,Europe,No
18153,Married,Female,1,1,100000,2,4,5,4,59,1,0,Bachelors,Management,Yes,10+ Miles,Europe,No
18160,Married,Male,1,0,130000,3,2,4,4,51,1,1,High School,Professional,Yes,5-10 Miles,Europe,Yes
18172,Married,Male,1,0,130000,4,2,1,3,55,1,0,High School,Professional,Yes,0-1 Miles,Europe,No
18253,Married,Female,1,1,80000,5,5,1,3,40,1,0,Graduate Degree,Management,Yes,0-1 Miles,Pacific,No
18267,Married,Male,1,0,60000,3,4,4,2,43,1,0,Bachelors,Professional,Yes,5-10 Miles,Pacific,No
18283,Single,Female,0,1,100000,0,4,4,1,40,0,0,Bachelors,Professional,No,5-10 Miles,Pacific,No
18294,Married,Female,1,1,90000,1,4,4,1,46,1,0,Bachelors,Professional,Yes,5-10 Miles,Pacific,No
18299,Married,Male,1,0,70000,5,3,4,2,44,1,0,Partial College,Skilled Manual,Yes,5-10 Miles,Pacific,No
18322,Single,Male,0,0,30000,0,1,1,2,26,0,0,Partial High School,Clerical,No,0-1 Miles,North America,No
18329,Single,Male,0,0,30000,0,1,4,2,27,0,0,Partial High School,Clerical,No,5-10 Miles,North America,No
18347,Single,Female,0,1,30000,0,3,2,1,31,0,0,Partial College,Skilled Manual,No,1-2 Miles,North America,No
18363,Married,Male,1,0,40000,0,2,4,2,28,1,1,High School,Skilled Manual,Yes,5-10 Miles,North America,Yes
18390,Married,Male,1,0,80000,5,3,1,2,44,1,0,Partial College,Professional,Yes,0-1 Miles,North America,No
18391,Single,Female,0,1,80000,5,3,4,2,44,1,0,Partial College,Professional,Yes,5-10 Miles,North America,No
18411,Married,Male,1,0,60000,2,2,4,2,51,0,0,High School,Professional,No,5-10 Miles,North America,No
18423,Single,Male,0,0,80000,2,1,2,2,52,0,0,Partial High School,Skilled Manual,No,1-2 Miles,North America,No
18435,Single,Female,0,1,70000,5,5,5,2,67,1,1,Graduate Degree,Management,Yes,10+ Miles,North America,Yes
18484,Single,Male,0,0,80000,2,2,2,2,50,0,1,High School,Skilled Manual,No,1-2 Miles,Pacific,Yes
18491,Single,Female,0,1,70000,2,2,4,2,49,1,1,High School,Professional,Yes,5-10 Miles,Pacific,Yes
18494,Married,Male,1,0,110000,5,4,3,4,48,1,1,Bachelors,Management,Yes,2-5 Miles,Pacific,Yes
18504,Married,Male,1,0,70000,2,1,2,2,49,0,0,Partial High School,Skilled Manual,No,1-2 Miles,North America,No
18517,Married,Male,1,0,100000,3,4,1,4,41,1,0,Bachelors,Management,Yes,0-1 Miles,North America,No
18545,Married,Male,1,0,40000,4,2,5,2,61,0,1,High School,Professional,No,10+ Miles,North America,Yes
18560,Married,Female,1,1,70000,2,5,3,0,34,1,1,Graduate Degree,Professional,Yes,2-5 Miles,North America,Yes
18572,Married,Female,1,1,60000,0,5,1,0,39,1,0,Graduate Degree,Professional,Yes,0-1 Miles,North America,No
18577,Married,Female,1,1,60000,0,5,1,0,40,1,0,Graduate Degree,Professional,Yes,0-1 Miles,North America,No
18580,Married,Female,1,1,60000,2,5,3,0,36,1,1,Graduate Degree,Professional,Yes,2-5 Miles,North America,Yes
18594,Single,Female,0,1,80000,3,4,5,3,40,1,1,Bachelors,Skilled Manual,Yes,10+ Miles,North America,Yes
18607,Single,Female,0,1,60000,4,4,3,2,42,1,1,Bachelors,Skilled Manual,Yes,2-5 Miles,North America,Yes
18613,Single,Male,0,0,70000,0,4,3,1,37,0,1,Bachelors,Professional,No,2-5 Miles,North America,Yes
18626,Single,Male,0,0,40000,2,3,2,0,33,1,1,Partial College,Clerical,Yes,1-2 Miles,Europe,Yes
18649,Single,Male,0,0,30000,1,2,2,2,51,1,1,High School,Clerical,Yes,1-2 Miles,North America,Yes
18674,Single,Female,0,1,80000,4,5,1,0,48,0,0,Graduate Degree,Skilled Manual,No,0-1 Miles,North America,No
18711,Single,Female,0,1,70000,5,4,5,4,39,1,0,Bachelors,Professional,Yes,10+ Miles,Pacific,No
18740,Married,Male,1,0,80000,5,4,1,1,47,0,1,Bachelors,Professional,No,0-1 Miles,Pacific,Yes
18752,Single,Female,0,1,40000,0,2,4,1,31,1,0,High School,Skilled Manual,Yes,5-10 Miles,North America,No
18783,Single,Male,0,0,80000,0,4,1,1,38,0,1,Bachelors,Management,No,0-1 Miles,North America,Yes
18847,Married,Female,1,1,60000,2,5,4,2,70,1,0,Graduate Degree,Management,Yes,5-10 Miles,North America,No
18858,Single,Male,0,0,60000,2,1,4,2,52,1,1,Partial High School,Skilled Manual,Yes,5-10 Miles,North America,Yes
18891,Married,Female,1,1,40000,0,3,4,2,28,1,0,Partial College,Skilled Manual,Yes,5-10 Miles,North America,No
18910,Single,Male,0,0,30000,0,3,4,2,30,1,0,Partial College,Skilled Manual,Yes,5-10 Miles,North America,No
18935,Married,Female,1,1,130000,0,5,2,3,40,1,0,Graduate Degree,Management,Yes,1-2 Miles,North America,No
18949,Single,Male,0,0,70000,3,5,4,2,74,1,1,Graduate Degree,Management,Yes,5-10 Miles,North America,Yes
18952,Married,Female,1,1,100000,4,4,1,4,40,1,0,Bachelors,Management,Yes,0-1 Miles,North America,No
18976,Single,Male,0,0,40000,4,2,5,2,62,1,1,High School,Professional,Yes,10+ Miles,North America,Yes
19002,Married,Female,1,1,60000,2,3,3,1,57,1,1,Partial College,Professional,Yes,2-5 Miles,North America,Yes
19012,Married,Male,1,0,80000,3,4,2,1,56,1,0,Bachelors,Management,Yes,1-2 Miles,North America,No
19057,Married,Female,1,1,120000,3,4,5,2,52,0,1,Bachelors,Management,No,10+ Miles,Europe,Yes
19066,Married,Male,1,0,130000,4,3,5,3,54,0,0,Partial College,Professional,No,10+ Miles,Europe,No
19117,Single,Female,0,1,60000,1,5,3,0,36,1,1,Graduate Degree,Professional,Yes,2-5 Miles,North America,Yes
19133,Single,Male,0,0,50000,2,4,3,1,38,1,1,Bachelors,Skilled Manual,Yes,2-5 Miles,North America,Yes
19143,Single,Female,0,1,80000,3,4,3,2,41,1,1,Bachelors,Skilled Manual,Yes,2-5 Miles,North America,Yes
19147,Married,Male,1,0,40000,0,4,1,1,42,0,0,Bachelors,Professional,No,0-1 Miles,North America,No
19163,Married,Female,1,1,70000,4,4,1,2,43,1,1,Bachelors,Professional,Yes,0-1 Miles,North America,Yes
19164,Single,Female,0,1,70000,0,4,3,1,38,0,1,Bachelors,Professional,No,2-5 Miles,North America,Yes
19174,Single,Female,0,1,30000,0,2,3,1,32,0,1,High School,Manual,No,2-5 Miles,Europe,Yes
19183,Single,Male,0,0,10000,0,1,2,2,35,1,0,Partial High School,Manual,Yes,1-2 Miles,Europe,No
19193,Single,Male,0,0,40000,2,3,2,0,35,1,1,Partial College,Clerical,Yes,1-2 Miles,Europe,Yes
19217,Married,Male,1,0,30000,2,2,2,2,49,1,0,High School,Skilled Manual,Yes,1-2 Miles,North America,No
19223,Married,Female,1,1,30000,2,2,2,2,48,1,0,High School,Skilled Manual,Yes,1-2 Miles,North America,No
19228,Married,Female,1,1,40000,2,3,1,1,48,1,0,Partial College,Clerical,Yes,0-1 Miles,North America,No
19235,Married,Female,1,1,50000,0,5,1,0,34,1,0,Graduate Degree,Skilled Manual,Yes,0-1 Miles,North America,No
19255,Single,Male,0,0,10000,2,3,1,1,51,1,1,Partial College,Manual,Yes,0-1 Miles,Europe,Yes
19273,Married,Female,1,1,20000,2,3,1,0,63,1,0,Partial College,Manual,Yes,0-1 Miles,Europe,No
19280,Married,Male,1,0,20000,2,3,1,1,48,1,1,Partial College,Manual,Yes,0-1 Miles,Europe,Yes
19291,Single,Female,0,1,10000,2,2,1,0,35,1,0,High School,Manual,Yes,0-1 Miles,Europe,No
19299,Married,Female,1,1,50000,0,5,1,0,36,1,1,Graduate Degree,Skilled Manual,Yes,0-1 Miles,Europe,Yes
19305,Single,Female,0,1,10000,2,2,1,1,38,1,1,High School,Manual,Yes,0-1 Miles,Europe,Yes
19331,Single,Male,0,0,20000,2,2,1,1,40,1,0,High School,Manual,Yes,0-1 Miles,Europe,No
19364,Married,Male,1,0,40000,1,4,1,0,43,1,1,Bachelors,Skilled Manual,Yes,0-1 Miles,Europe,Yes
19389,Single,Male,0,0,30000,0,3,3,1,28,0,0,Partial College,Clerical,No,2-5 Miles,Europe,No
19399,Single,Male,0,0,40000,0,4,3,1,45,0,0,Bachelors,Professional,No,2-5 Miles,North America,No
19413,Single,Male,0,0,60000,3,4,1,1,47,0,1,Bachelors,Professional,No,0-1 Miles,North America,Yes
19441,Single,Male,0,0,40000,0,5,1,0,37,1,1,Graduate Degree,Clerical,Yes,0-1 Miles,Europe,Yes
19442,Single,Male,0,0,50000,0,5,1,0,37,1,1,Graduate Degree,Skilled Manual,Yes,0-1 Miles,Europe,Yes
19445,Married,Female,1,1,10000,2,2,1,1,38,0,0,High School,Manual,No,0-1 Miles,Europe,No
19461,Single,Female,0,1,10000,4,1,1,2,40,1,0,Partial High School,Manual,Yes,0-1 Miles,Europe,No
19475,Married,Female,1,1,40000,0,4,1,0,40,0,1,Bachelors,Professional,No,0-1 Miles,Europe,Yes
19477,Married,Male,1,0,40000,0,4,1,0,40,1,1,Bachelors,Professional,Yes,0-1 Miles,Europe,Yes
19482,Married,Male,1,0,30000,1,3,1,1,44,1,1,Partial College,Clerical,Yes,0-1 Miles,Europe,Yes
19487,Married,Male,1,0,30000,2,3,1,2,42,0,0,Partial College,Clerical,No,0-1 Miles,Europe,No
19491,Single,Male,0,0,30000,2,3,1,2,42,1,0,Partial College,Clerical,Yes,0-1 Miles,Europe,No
19508,Married,Male,1,0,10000,0,1,1,2,30,0,0,Partial High School,Manual,No,0-1 Miles,Europe,No
19543,Married,Male,1,0,70000,5,5,5,3,47,0,0,Graduate Degree,Professional,No,10+ Miles,North America,No
19562,Single,Female,0,1,60000,2,4,3,1,37,1,1,Bachelors,Professional,Yes,2-5 Miles,Pacific,Yes
19608,Married,Male,1,0,80000,5,4,2,4,40,1,0,Bachelors,Professional,Yes,1-2 Miles,Pacific,No
19618,Married,Male,1,0,70000,5,3,1,2,44,1,0,Partial College,Skilled Manual,Yes,0-1 Miles,Pacific,No
19626,Married,Male,1,0,70000,5,3,4,3,45,1,0,Partial College,Skilled Manual,Yes,5-10 Miles,Pacific,No
19634,Married,Male,1,0,40000,0,2,4,1,31,1,0,High School,Skilled Manual,Yes,5-10 Miles,North America,No
19650,Married,Female,1,1,30000,2,3,1,2,67,0,0,Partial College,Clerical,No,0-1 Miles,Pacific,No
19660,Married,Male,1,0,80000,4,4,1,0,43,1,0,Bachelors,Management,Yes,0-1 Miles,North America,No
19661,Single,Male,0,0,90000,4,4,2,1,38,1,1,Bachelors,Management,Yes,1-2 Miles,North America,Yes
19664,Single,Male,0,0,100000,3,4,2,3,38,0,0,Bachelors,Management,No,1-2 Miles,North America,No
19675,Married,Male,1,0,20000,4,2,4,2,60,1,0,High School,Skilled Manual,Yes,5-10 Miles,Pacific,No
19731,Married,Male,1,0,80000,4,5,4,2,68,1,0,Graduate Degree,Management,Yes,5-10 Miles,North America,No
19741,Single,Female,0,1,80000,4,5,4,2,65,1,0,Graduate Degree,Management,Yes,5-10 Miles,North America,No
19747,Married,Male,1,0,50000,4,4,5,2,63,1,0,Bachelors,Management,Yes,10+ Miles,North America,No
19748,Married,Male,1,0,20000,4,2,2,2,60,0,0,High School,Skilled Manual,No,1-2 Miles,Pacific,No
19758,Single,Male,0,0,60000,0,3,2,2,29,0,0,Partial College,Skilled Manual,No,1-2 Miles,North America,No
19784,Married,Female,1,1,80000,2,2,4,2,50,1,1,High School,Skilled Manual,Yes,5-10 Miles,Pacific,Yes
19812,Single,Female,0,1,70000,2,3,4,0,49,1,1,Partial College,Professional,Yes,5-10 Miles,North America,Yes
19856,Married,Female,1,1,60000,4,4,3,2,60,1,0,Bachelors,Management,Yes,2-5 Miles,North America,No
19884,Married,Male,1,0,60000,2,2,3,2,55,1,1,High School,Professional,Yes,2-5 Miles,North America,Yes
19889,Single,Female,0,1,70000,2,1,3,2,54,0,1,Partial High School,Skilled Manual,No,2-5 Miles,North America,Yes
19914,Married,Male,1,0,80000,5,4,3,2,62,1,0,Bachelors,Management,Yes,2-5 Miles,Europe,No
20000,Married,Male,1,0,60000,1,5,1,0,35,1,1,Graduate Degree,Professional,Yes,0-1 Miles,North America,Yes
20053,Single,Male,0,0,40000,2,3,1,0,34,1,0,Partial College,Clerical,Yes,0-1 Miles,Europe,No
20060,Single,Female,0,1,30000,0,2,3,1,34,0,1,High School,Manual,No,2-5 Miles,Europe,Yes
20076,Single,Female,0,1,10000,2,2,2,2,53,1,1,High School,Manual,Yes,1-2 Miles,North America,Yes
20084,Married,Male,1,0,20000,2,2,1,2,53,0,0,High School,Manual,No,0-1 Miles,North America,No
20147,Married,Female,1,1,30000,1,4,1,0,65,1,0,Bachelors,Clerical,Yes,0-1 Miles,Europe,No
20171,Married,Female,1,1,20000,2,3,1,1,46,1,1,Partial College,Manual,Yes,0-1 Miles,Europe,Yes
20196,Married,Male,1,0,60000,1,3,3,1,45,1,1,Partial College,Skilled Manual,Yes,2-5 Miles,North America,Yes
20228,Married,Male,1,0,100000,0,5,3,0,40,1,1,Graduate Degree,Management,Yes,2-5 Miles,Pacific,Yes
20236,Single,Male,0,0,60000,3,4,1,2,43,0,1,Bachelors,Professional,No,0-1 Miles,Pacific,Yes
20277,Married,Female,1,1,30000,2,3,1,2,69,0,0,Partial College,Clerical,No,0-1 Miles,Pacific,No
20296,Single,Female,0,1,60000,0,3,2,1,33,0,1,Partial College,Skilled Manual,No,1-2 Miles,North America,Yes
20310,Single,Male,0,0,60000,0,3,4,1,27,1,1,Partial College,Skilled Manual,Yes,5-10 Miles,North America,Yes
20339,Married,Female,1,1,130000,1,4,3,4,44,1,1,Bachelors,Management,Yes,2-5 Miles,North America,Yes
20343,Married,Female,1,1,90000,4,3,2,1,45,1,0,Partial College,Professional,Yes,1-2 Miles,North America,No
20361,Married,Male,1,0,50000,2,5,4,2,69,1,0,Graduate Degree,Management,Yes,5-10 Miles,North America,No
20370,Married,Male,1,0,70000,3,1,4,2,52,1,0,Partial High School,Skilled Manual,Yes,5-10 Miles,North America,No
20376,Single,Female,0,1,70000,3,5,4,2,52,1,1,Graduate Degree,Management,Yes,5-10 Miles,North America,Yes
20380,Married,Female,1,1,60000,3,5,5,2,69,1,0,Graduate Degree,Management,Yes,10+ Miles,North America,No
20401,Married,Female,1,1,50000,4,4,2,2,64,1,1,Bachelors,Management,Yes,1-2 Miles,North America,Yes
20414,Married,Female,1,1,60000,0,3,4,2,29,1,0,Partial College,Skilled Manual,Yes,5-10 Miles,North America,No
20417,Married,Male,1,0,30000,3,3,4,2,56,0,0,Partial College,Clerical,No,5-10 Miles,Pacific,No
20421,Single,Female,0,1,40000,0,1,4,2,26,1,0,Partial High School,Clerical,Yes,5-10 Miles,North America,No
20430,Married,Male,1,0,70000,2,3,4,2,52,1,1,Partial College,Skilled Manual,Yes,5-10 Miles,Pacific,Yes
20504,Married,Female,1,1,40000,5,2,3,2,60,0,0,High School,Professional,No,2-5 Miles,North America,No
20505,Married,Female,1,1,40000,5,2,5,2,61,0,0,High School,Professional,No,10+ Miles,North America,No
20514,Married,Female,1,1,70000,2,3,3,1,59,1,0,Partial College,Professional,Yes,2-5 Miles,North America,No
20518,Married,Female,1,1,70000,2,3,5,1,58,1,0,Partial College,Professional,Yes,10+ Miles,North America,No
20528,Married,Male,1,0,40000,2,1,3,2,55,1,0,Partial High School,Skilled Manual,Yes,2-5 Miles,North America,No
20535,Married,Female,1,1,70000,4,3,5,1,56,1,0,Partial College,Professional,Yes,10+ Miles,North America,No
20567,Married,Male,1,0,130000,4,3,4,4,61,0,1,Partial College,Professional,No,5-10 Miles,Europe,Yes
20598,Married,Male,1,0,100000,3,1,5,0,59,1,1,Partial High School,Professional,Yes,10+ Miles,Europe,Yes
20606,Married,Female,1,1,70000,0,4,5,4,32,1,1,Bachelors,Professional,Yes,10+ Miles,Pacific,Yes
20619,Single,Male,0,0,80000,0,4,5,4,35,0,0,Bachelors,Professional,No,10+ Miles,Pacific,No
20625,Married,Male,1,0,100000,0,2,5,3,35,1,1,High School,Management,Yes,10+ Miles,Pacific,Yes
20657,Single,Male,0,0,50000,2,4,3,0,37,1,1,Bachelors,Skilled Manual,Yes,2-5 Miles,North America,Yes
20659,Married,Male,1,0,70000,3,5,1,0,35,1,1,Graduate Degree,Professional,Yes,0-1 Miles,North America,Yes
20678,Single,Female,0,1,60000,3,4,3,1,40,1,1,Bachelors,Skilled Manual,Yes,2-5 Miles,North America,Yes
20698,Married,Male,1,0,60000,4,4,4,3,42,1,0,Bachelors,Skilled Manual,Yes,5-10 Miles,North America,No
20711,Married,Female,1,1,40000,1,4,2,0,32,1,1,Bachelors,Skilled Manual,Yes,1-2 Miles,Europe,Yes
20729,Married,Female,1,1,40000,2,3,1,1,34,0,0,Partial College,Clerical,No,0-1 Miles,Europe,No
20754,Married,Male,1,0,30000,2,2,2,2,51,1,0,High School,Skilled Manual,Yes,1-2 Miles,North America,No
20758,Married,Male,1,0,30000,2,2,2,2,50,1,0,High School,Skilled Manual,Yes,1-2 Miles,North America,No
20797,Married,Female,1,1,10000,1,4,1,0,48,1,0,Bachelors,Manual,Yes,0-1 Miles,Europe,No
20828,Married,Female,1,1,30000,4,5,1,0,45,1,1,Graduate Degree,Clerical,Yes,0-1 Miles,Europe,Yes
20839,Single,Female,0,1,30000,3,5,1,0,47,1,1,Graduate Degree,Clerical,Yes,0-1 Miles,Europe,Yes
20851,Single,Male,0,0,20000,0,3,3,1,36,0,1,Partial College,Manual,No,2-5 Miles,Europe,Yes
20870,Single,Female,0,1,10000,2,2,1,1,38,1,1,High School,Manual,Yes,0-1 Miles,Europe,Yes
20877,Single,Male,0,0,30000,1,4,2,0,37,1,1,Bachelors,Clerical,Yes,1-2 Miles,Europe,Yes
20897,Married,Female,1,1,30000,1,4,1,2,40,1,0,Bachelors,Skilled Manual,Yes,0-1 Miles,Europe,No
20919,Single,Female,0,1,30000,2,3,1,2,42,1,0,Partial College,Clerical,Yes,0-1 Miles,Europe,No
20923,Married,Female,1,1,40000,1,4,1,0,42,1,1,Bachelors,Skilled Manual,Yes,0-1 Miles,Europe,Yes
20927,Single,Female,0,1,20000,5,2,1,2,27,1,0,High School,Manual,Yes,0-1 Miles,Europe,No
20942,Single,Female,0,1,20000,0,2,4,1,31,0,0,High School,Manual,No,5-10 Miles,Europe,No
20946,Single,Female,0,1,30000,0,3,3,1,30,0,0,Partial College,Clerical,No,2-5 Miles,Europe,No
20962,Married,Female,1,1,20000,1,5,1,0,45,1,0,Graduate Degree,Clerical,Yes,0-1 Miles,Europe,No
20970,Single,Male,0,0,10000,2,3,1,1,52,1,1,Partial College,Manual,Yes,0-1 Miles,Europe,Yes
20974,Married,Male,1,0,10000,2,4,1,1,66,1,0,Bachelors,Clerical,Yes,0-1 Miles,Europe,No
20977,Married,Male,1,0,20000,1,4,1,0,64,1,1,Bachelors,Clerical,Yes,0-1 Miles,Europe,Yes
20994,Married,Female,1,1,20000,0,4,1,0,26,0,1,Bachelors,Clerical,No,0-1 Miles,Pacific,Yes
21006,Single,Female,0,1,20000,1,3,1,0,46,0,1,Partial College,Manual,No,0-1 Miles,Europe,Yes
21039,Single,Female,0,1,50000,0,5,1,0,37,0,1,Graduate Degree,Skilled Manual,No,0-1 Miles,Europe,Yes
21094,Single,Female,0,1,30000,2,3,1,2,42,1,0,Partial College,Clerical,Yes,0-1 Miles,Europe,No
21108,Married,Female,1,1,40000,1,4,1,1,43,1,1,Bachelors,Skilled Manual,Yes,0-1 Miles,Europe,Yes
21184,Single,Male,0,0,70000,0,4,4,1,38,0,0,Bachelors,Professional,No,5-10 Miles,Pacific,No
21207,Married,Male,1,0,60000,1,3,4,1,46,1,0,Partial College,Skilled Manual,Yes,5-10 Miles,Pacific,No
21213,Single,Male,0,0,70000,0,4,4,1,41,0,0,Bachelors,Professional,No,5-10 Miles,Pacific,No
21260,Single,Female,0,1,40000,0,2,4,2,30,1,0,High School,Skilled Manual,Yes,5-10 Miles,North America,No
21266,Single,Female,0,1,80000,0,4,2,1,34,1,1,Bachelors,Management,Yes,1-2 Miles,North America,Yes
21306,Single,Male,0,0,60000,2,2,4,2,51,1,0,High School,Professional,Yes,5-10 Miles,North America,No
21365,Married,Female,1,1,10000,2,1,4,2,58,1,0,Partial High School,Clerical,Yes,5-10 Miles,Pacific,No
21375,Single,Male,0,0,20000,2,1,4,2,57,1,0,Partial High School,Clerical,Yes,5-10 Miles,Pacific,No
21417,Single,Female,0,1,60000,0,3,2,2,32,0,1,Partial College,Professional,No,1-2 Miles,North America,Yes
21441,Married,Male,1,0,50000,4,4,5,2,64,1,0,Bachelors,Management,Yes,10+ Miles,North America,No
21451,Married,Female,1,1,40000,4,2,5,2,61,1,0,High School,Professional,Yes,10+ Miles,North America,No
21471,Married,Male,1,0,70000,2,3,5,1,59,1,0,Partial College,Professional,Yes,10+ Miles,North America,No
21554,Single,Female,0,1,80000,0,4,5,3,33,0,0,Bachelors,Professional,No,10+ Miles,Pacific,No
21557,Single,Female,0,1,110000,0,3,5,3,32,1,1,Partial College,Management,Yes,10+ Miles,Pacific,Yes
21560,Married,Male,1,0,120000,0,1,5,4,32,1,1,Partial High School,Professional,Yes,10+ Miles,Pacific,Yes
21561,Single,Male,0,0,90000,0,4,5,3,34,0,1,Bachelors,Professional,No,10+ Miles,Pacific,Yes
21564,Single,Female,0,1,80000,0,4,5,4,35,1,0,Bachelors,Professional,Yes,10+ Miles,Pacific,No
21568,Married,Female,1,1,100000,0,2,5,4,34,1,1,High School,Management,Yes,10+ Miles,Pacific,Yes
21583,Married,Female,1,1,50000,1,4,1,0,34,1,1,Bachelors,Skilled Manual,Yes,0-1 Miles,North America,Yes
21587,Married,Female,1,1,60000,1,5,3,0,34,1,1,Graduate Degree,Skilled Manual,Yes,2-5 Miles,North America,Yes
21599,Married,Female,1,1,60000,1,5,3,0,36,1,1,Graduate Degree,Professional,Yes,2-5 Miles,North America,Yes
21613,Single,Male,0,0,50000,2,4,1,1,39,0,1,Bachelors,Skilled Manual,No,0-1 Miles,North America,Yes
21660,Married,Female,1,1,60000,3,5,3,0,43,1,1,Graduate Degree,Professional,Yes,2-5 Miles,North America,Yes
21693,Single,Female,0,1,60000,0,5,1,0,40,0,0,Graduate Degree,Skilled Manual,No,0-1 Miles,North America,No
21695,Married,Male,1,0,60000,0,5,2,0,39,1,1,Graduate Degree,Skilled Manual,Yes,1-2 Miles,North America,Yes
21713,Single,Male,0,0,80000,5,5,1,0,47,0,0,Graduate Degree,Skilled Manual,No,0-1 Miles,North America,No
21714,Single,Female,0,1,80000,5,5,1,0,47,0,0,Graduate Degree,Skilled Manual,No,0-1 Miles,North America,No
21717,Married,Male,1,0,40000,2,3,1,1,47,1,0,Partial College,Clerical,Yes,0-1 Miles,North America,No
21738,Married,Male,1,0,20000,1,5,1,0,43,1,0,Graduate Degree,Clerical,Yes,0-1 Miles,Europe,No
21741,Married,Female,1,1,70000,3,3,4,2,50,1,1,Partial College,Professional,Yes,5-10 Miles,North America,Yes
21751,Married,Male,1,0,60000,3,5,2,2,63,1,0,Graduate Degree,Management,Yes,1-2 Miles,North America,No
21752,Married,Male,1,0,60000,3,5,5,2,64,1,0,Graduate Degree,Management,Yes,10+ Miles,North America,No
21770,Married,Male,1,0,60000,4,4,5,2,60,1,0,Bachelors,Management,Yes,10+ Miles,North America,No
21801,Married,Female,1,1,70000,4,3,2,1,55,1,0,Partial College,Professional,Yes,1-2 Miles,North America,No
21891,Married,Female,1,1,110000,0,2,5,3,34,1,1,High School,Management,Yes,10+ Miles,Pacific,Yes
21940,Married,Male,1,0,90000,5,5,1,0,47,1,1,Graduate Degree,Professional,Yes,0-1 Miles,North America,Yes
21974,Single,Female,0,1,70000,0,4,4,1,42,1,1,Bachelors,Professional,Yes,5-10 Miles,Pacific,Yes
21980,Single,Female,0,1,60000,1,4,4,1,44,1,1,Bachelors,Professional,Yes,5-10 Miles,Pacific,Yes
22005,Married,Female,1,1,70000,5,3,4,3,46,0,0,Partial College,Skilled Manual,No,5-10 Miles,Pacific,No
22006,Married,Male,1,0,70000,5,3,4,3,46,1,0,Partial College,Skilled Manual,Yes,5-10 Miles,Pacific,No
22010,Single,Male,0,0,40000,0,2,4,2,31,1,0,High School,Skilled Manual,Yes,5-10 Miles,North America,No
22014,Single,Male,0,0,30000,0,2,4,2,26,1,0,High School,Skilled Manual,Yes,5-10 Miles,North America,No
22042,Married,Female,1,1,70000,0,3,4,2,34,1,1,Partial College,Skilled Manual,Yes,5-10 Miles,North America,Yes
22046,Single,Female,0,1,80000,0,4,1,1,38,0,1,Bachelors,Management,No,0-1 Miles,North America,Yes
22050,Single,Male,0,0,90000,4,4,2,1,38,1,1,Bachelors,Management,Yes,1-2 Miles,North America,Yes
22088,Married,Female,1,1,130000,1,4,1,2,45,1,1,Bachelors,Management,Yes,0-1 Miles,North America,Yes
22118,Single,Female,0,1,70000,3,5,4,2,53,1,1,Graduate Degree,Management,Yes,5-10 Miles,North America,Yes
22127,Married,Male,1,0,60000,3,5,2,2,67,1,0,Graduate Degree,Management,Yes,1-2 Miles,North America,No
22155,Married,Male,1,0,20000,2,1,4,2,58,1,0,Partial High School,Clerical,Yes,5-10 Miles,Pacific,No
22170,Married,Female,1,1,30000,3,3,2,2,55,0,1,Partial College,Clerical,No,1-2 Miles,Pacific,Yes
22173,Married,Female,1,1,30000,3,2,2,2,54,0,1,High School,Skilled Manual,No,1-2 Miles,Pacific,Yes
22174,Married,Male,1,0,30000,3,2,4,2,54,1,1,High School,Skilled Manual,Yes,5-10 Miles,Pacific,Yes
22175,Married,Female,1,1,30000,3,2,4,2,53,1,1,High School,Skilled Manual,Yes,5-10 Miles,Pacific,Yes
22204,Married,Male,1,0,110000,4,4,3,3,48,1,0,Bachelors,Management,Yes,2-5 Miles,Pacific,No
22211,Married,Male,1,0,60000,0,3,4,2,32,1,0,Partial College,Professional,Yes,5-10 Miles,North America,No
22219,Married,Female,1,1,60000,2,2,4,2,49,1,0,High School,Professional,Yes,5-10 Miles,North America,No
22220,Married,Male,1,0,60000,2,2,2,2,49,0,1,High School,Professional,No,1-2 Miles,North America,Yes
22221,Married,Male,1,0,60000,2,2,2,2,48,0,1,High School,Professional,No,1-2 Miles,North America,Yes
22227,Married,Female,1,1,60000,2,2,4,2,50,1,0,High School,Professional,Yes,5-10 Miles,North America,No
22252,Single,Female,0,1,60000,1,5,3,0,36,1,1,Graduate Degree,Professional,Yes,2-5 Miles,North America,Yes
22294,Single,Female,0,1,70000,0,4,3,1,37,0,1,Bachelors,Professional,No,2-5 Miles,North America,Yes
22296,Married,Male,1,0,70000,0,4,1,1,38,0,0,Bachelors,Professional,No,0-1 Miles,North America,No
22330,Married,Male,1,0,50000,0,5,2,0,32,1,1,Graduate Degree,Skilled Manual,Yes,1-2 Miles,North America,Yes
22381,Married,Male,1,0,10000,1,5,1,0,44,1,0,Graduate Degree,Manual,Yes,0-1 Miles,Europe,No
22399,Single,Male,0,0,10000,0,3,2,1,26,1,1,Partial College,Manual,Yes,1-2 Miles,Pacific,Yes
22400,Married,Male,1,0,10000,0,3,1,1,26,0,1,Partial College,Manual,No,0-1 Miles,Pacific,Yes
22402,Married,Male,1,0,10000,0,3,3,1,25,1,1,Partial College,Manual,Yes,2-5 Miles,Pacific,Yes
22439,Married,Female,1,1,30000,0,4,1,0,37,1,1,Bachelors,Clerical,Yes,0-1 Miles,Europe,Yes
22464,Married,Male,1,0,40000,0,5,1,0,37,1,1,Graduate Degree,Clerical,Yes,0-1 Miles,Europe,Yes
22496,Married,Female,1,1,30000,1,4,1,2,42,1,0,Bachelors,Skilled Manual,Yes,0-1 Miles,Europe,No
22500,Single,Male,0,0,40000,0,4,1,0,40,0,1,Bachelors,Professional,No,0-1 Miles,Europe,Yes
22518,Single,Female,0,1,30000,3,3,1,2,27,0,1,Partial College,Clerical,No,0-1 Miles,Europe,Yes
22527,Single,Female,0,1,20000,0,2,3,1,29,0,0,High School,Manual,No,2-5 Miles,Europe,No
22538,Single,Female,0,1,10000,0,1,2,2,33,1,0,Partial High School,Manual,Yes,1-2 Miles,Europe,No
22610,Married,Male,1,0,30000,0,4,1,0,35,1,1,Bachelors,Clerical,Yes,0-1 Miles,Europe,Yes
22633,Single,Female,0,1,40000,0,5,1,0,37,1,1,Graduate Degree,Clerical,Yes,0-1 Miles,Europe,Yes
22634,Single,Female,0,1,40000,0,5,1,0,38,1,1,Graduate Degree,Clerical,Yes,0-1 Miles,Europe,Yes
22636,Single,Female,0,1,40000,0,4,1,0,38,0,1,Bachelors,Clerical,No,0-1 Miles,Europe,Yes
22672,Single,Female,0,1,30000,2,3,1,0,43,1,0,Partial College,Clerical,Yes,0-1 Miles,Europe,No
22707,Single,Female,0,1,30000,0,3,3,1,30,0,0,Partial College,Clerical,No,2-5 Miles,Europe,No
22719,Single,Male,0,0,110000,3,4,3,4,40,1,1,Bachelors,Management,Yes,2-5 Miles,North America,Yes
22730,Married,Male,1,0,70000,5,4,5,2,63,1,0,Bachelors,Management,Yes,10+ Miles,North America,No
22743,Married,Female,1,1,40000,5,2,5,2,60,1,0,High School,Professional,Yes,10+ Miles,North America,No
22821,Married,Female,1,1,130000,3,3,1,4,52,1,0,Partial College,Professional,Yes,0-1 Miles,Europe,No
22830,Married,Male,1,0,120000,4,3,5,3,56,1,0,Partial College,Management,Yes,10+ Miles,Europe,No
22864,Married,Male,1,0,90000,2,3,4,0,49,0,1,Partial College,Professional,No,5-10 Miles,North America,Yes
22918,Single,Male,0,0,80000,5,5,1,3,40,1,0,Graduate Degree,Management,Yes,0-1 Miles,Pacific,No
22930,Married,Male,1,0,90000,4,4,2,0,38,1,1,Bachelors,Professional,Yes,1-2 Miles,Pacific,Yes
22931,Married,Male,1,0,100000,5,5,2,1,78,0,1,Graduate Degree,Management,No,1-2 Miles,Pacific,Yes
22936,Single,Female,0,1,60000,1,3,1,1,45,0,1,Partial College,Skilled Manual,No,0-1 Miles,Pacific,Yes
22971,Single,Female,0,1,30000,0,2,1,2,25,0,1,High School,Skilled Manual,No,0-1 Miles,North America,Yes
22974,Married,Female,1,1,30000,2,3,4,2,69,1,0,Partial College,Clerical,Yes,5-10 Miles,Pacific,No
22976,Single,Male,0,0,40000,0,2,1,2,28,0,1,High School,Skilled Manual,No,0-1 Miles,North America,Yes
22983,Single,Female,0,1,30000,0,1,4,2,27,1,0,Partial High School,Clerical,Yes,5-10 Miles,North America,No
22988,Married,Female,1,1,40000,2,4,4,2,66,1,1,Bachelors,Management,Yes,5-10 Miles,Pacific,Yes
22994,Married,Female,1,1,80000,0,4,2,1,34,1,1,Bachelors,Management,Yes,1-2 Miles,North America,Yes
23027,Single,Male,0,0,130000,1,4,1,4,44,0,0,Bachelors,Management,No,0-1 Miles,North America,No
23041,Single,Female,0,1,70000,4,2,4,0,50,1,1,High School,Professional,Yes,5-10 Miles,North America,Yes
23089,Married,Male,1,0,40000,0,3,4,1,28,1,0,Partial College,Skilled Manual,Yes,5-10 Miles,North America,No
23105,Single,Male,0,0,40000,3,1,4,2,52,0,1,Partial High School,Clerical,No,5-10 Miles,Pacific,Yes
23144,Married,Male,1,0,50000,1,4,1,0,34,1,1,Bachelors,Skilled Manual,Yes,0-1 Miles,North America,Yes
23158,Married,Female,1,1,60000,1,5,1,0,35,0,1,Graduate Degree,Professional,No,0-1 Miles,North America,Yes
23195,Single,Male,0,0,50000,3,4,3,2,41,1,1,Bachelors,Skilled Manual,Yes,2-5 Miles,North America,Yes
23197,Married,Male,1,0,50000,3,4,3,2,40,1,0,Bachelors,Skilled Manual,Yes,2-5 Miles,North America,No
23200,Married,Female,1,1,50000,3,4,1,2,41,1,0,Bachelors,Skilled Manual,Yes,0-1 Miles,North America,No
23217,Single,Female,0,1,60000,3,5,3,0,43,1,1,Graduate Degree,Professional,Yes,2-5 Miles,North America,Yes
23248,Married,Female,1,1,10000,2,2,2,2,53,1,0,High School,Manual,Yes,1-2 Miles,North America,No
23256,Single,Male,0,0,30000,1,2,4,1,52,0,0,High School,Clerical,No,5-10 Miles,North America,No
23275,Married,Male,1,0,30000,2,2,2,2,49,1,0,High School,Skilled Manual,Yes,1-2 Miles,North America,No
23316,Single,Male,0,0,30000,3,3,2,2,59,0,1,Partial College,Clerical,No,1-2 Miles,Pacific,Yes
23333,Married,Male,1,0,40000,0,3,2,2,30,0,0,Partial College,Skilled Manual,No,1-2 Miles,North America,No
23358,Married,Male,1,0,60000,0,2,4,2,32,1,1,High School,Professional,Yes,5-10 Miles,North America,Yes
23368,Married,Female,1,1,60000,5,4,5,3,41,1,0,Bachelors,Skilled Manual,Yes,10+ Miles,North America,No
23376,Married,Male,1,0,70000,1,4,3,1,44,1,1,Bachelors,Professional,Yes,2-5 Miles,North America,Yes
23378,Married,Male,1,0,70000,1,3,3,1,44,1,1,Partial College,Skilled Manual,Yes,2-5 Miles,North America,Yes
23419,Single,Female,0,1,70000,5,4,5,3,39,1,0,Bachelors,Professional,Yes,10+ Miles,Pacific,No
23426,Single,Male,0,0,80000,5,5,1,3,40,1,0,Graduate Degree,Management,Yes,0-1 Miles,Pacific,No
23432,Single,Male,0,0,70000,0,4,4,1,37,1,1,Bachelors,Professional,Yes,5-10 Miles,Pacific,Yes
23449,Married,Male,1,0,60000,2,2,4,2,48,1,0,High School,Professional,Yes,5-10 Miles,North America,No
23455,Single,Male,0,0,80000,2,1,2,2,50,0,0,Partial High School,Skilled Manual,No,1-2 Miles,North America,No
23459,Married,Male,1,0,60000,2,2,4,2,50,1,0,High School,Professional,Yes,5-10 Miles,North America,No
23461,Married,Female,1,1,90000,5,3,3,3,40,1,0,Partial College,Professional,Yes,2-5 Miles,North America,No
23479,Single,Male,0,0,90000,0,3,1,2,43,0,1,Partial College,Professional,No,0-1 Miles,North America,Yes
23491,Single,Male,0,0,100000,3,3,2,4,45,0,0,Partial College,Professional,No,1-2 Miles,North America,No
23513,Married,Female,1,1,40000,3,3,4,2,54,1,0,Partial College,Professional,Yes,5-10 Miles,North America,No
23542,Single,Male,0,0,60000,1,3,1,1,45,0,1,Partial College,Skilled Manual,No,0-1 Miles,Pacific,Yes
23549,Single,Male,0,0,30000,0,2,4,2,30,1,0,High School,Skilled Manual,Yes,5-10 Miles,North America,No
23571,Married,Female,1,1,40000,2,4,1,2,66,1,1,Bachelors,Management,Yes,0-1 Miles,Pacific,Yes
23586,Married,Female,1,1,80000,0,4,2,1,34,1,1,Bachelors,Management,Yes,1-2 Miles,North America,Yes
23608,Married,Female,1,1,150000,3,2,1,3,51,1,1,High School,Professional,Yes,0-1 Miles,Europe,Yes
23627,Single,Female,0,1,100000,3,3,4,4,56,0,0,Partial College,Management,No,5-10 Miles,Europe,No
23668,Married,Female,1,1,40000,4,2,4,2,59,1,1,High School,Professional,Yes,5-10 Miles,North America,Yes
23672,Married,Female,1,1,60000,3,5,2,2,67,1,0,Graduate Degree,Management,Yes,1-2 Miles,North America,No
23704,Single,Male,0,0,40000,5,2,5,4,60,1,1,High School,Professional,Yes,10+ Miles,North America,Yes
23707,Single,Male,0,0,70000,5,4,5,3,60,1,1,Bachelors,Management,Yes,10+ Miles,North America,Yes
23712,Single,Female,0,1,70000,2,4,5,1,59,1,0,Bachelors,Management,Yes,10+ Miles,North America,No
23731,Married,Male,1,0,60000,2,2,3,2,54,1,1,High School,Professional,Yes,2-5 Miles,North America,Yes
23780,Single,Male,0,0,40000,2,3,1,2,36,0,1,Partial College,Clerical,No,0-1 Miles,Europe,Yes
23797,Single,Male,0,0,20000,3,1,1,2,50,0,0,Partial High School,Clerical,No,0-1 Miles,North America,No
23801,Married,Female,1,1,20000,2,1,1,2,49,1,0,Partial High School,Clerical,Yes,0-1 Miles,North America,No
23818,Married,Female,1,1,50000,0,5,2,0,33,1,1,Graduate Degree,Skilled Manual,Yes,1-2 Miles,North America,Yes
23882,Single,Female,0,1,80000,3,5,1,0,37,1,1,Graduate Degree,Professional,Yes,0-1 Miles,North America,Yes
23893,Married,Male,1,0,50000,3,4,5,3,41,1,0,Bachelors,Skilled Manual,Yes,10+ Miles,North America,No
23908,Single,Male,0,0,30000,1,4,1,1,39,0,1,Bachelors,Clerical,No,0-1 Miles,Europe,Yes
23915,Married,Male,1,0,20000,2,2,1,2,42,1,0,High School,Manual,Yes,0-1 Miles,Europe,No
23940,Married,Male,1,0,40000,1,4,1,1,44,1,1,Bachelors,Skilled Manual,Yes,0-1 Miles,Europe,Yes
23962,Married,Female,1,1,10000,0,1,2,2,32,1,0,Partial High School,Manual,Yes,1-2 Miles,Europe,No
23963,Married,Male,1,0,10000,0,1,1,2,33,0,0,Partial High School,Manual,No,0-1 Miles,Europe,No
23979,Single,Male,0,0,10000,2,3,1,0,50,0,0,Partial College,Manual,No,0-1 Miles,Europe,No
23986,Married,Female,1,1,20000,1,4,1,0,66,1,1,Bachelors,Clerical,Yes,0-1 Miles,Europe,Yes
23993,Single,Female,0,1,10000,0,3,1,1,26,0,1,Partial College,Manual,No,0-1 Miles,Pacific,Yes
24061,Married,Male,1,0,10000,4,1,1,1,40,1,1,Partial High School,Manual,Yes,0-1 Miles,Europe,Yes
24065,Single,Female,0,1,20000,2,2,1,0,40,1,1,High School,Manual,Yes,0-1 Miles,Europe,Yes
24093,Single,Female,0,1,80000,0,5,1,0,40,0,1,Graduate Degree,Skilled Manual,No,0-1 Miles,Europe,Yes
24107,Married,Male,1,0,30000,3,3,1,1,43,1,0,Partial College,Clerical,Yes,0-1 Miles,Europe,No
24119,Single,Male,0,0,30000,0,3,3,1,29,0,0,Partial College,Clerical,No,2-5 Miles,Europe,No
24121,Single,Female,0,1,30000,0,3,1,1,29,0,1,Partial College,Clerical,No,0-1 Miles,Europe,Yes
24140,Single,Male,0,0,10000,0,5,1,0,30,0,1,Graduate Degree,Manual,No,0-1 Miles,Europe,Yes
24149,Married,Male,1,0,10000,2,3,2,0,49,1,0,Partial College,Manual,Yes,1-2 Miles,Europe,No
24151,Single,Male,0,0,20000,1,4,1,0,51,0,0,Bachelors,Clerical,No,0-1 Miles,Europe,No
24174,Married,Male,1,0,20000,0,4,1,0,27,1,1,Bachelors,Clerical,Yes,0-1 Miles,Pacific,Yes
24185,Single,Female,0,1,10000,1,2,2,1,45,0,0,High School,Manual,No,1-2 Miles,Europe,No
24187,Single,Female,0,1,30000,3,5,1,0,46,0,1,Graduate Degree,Clerical,No,0-1 Miles,Europe,Yes
24201,Married,Female,1,1,10000,2,2,1,0,37,1,1,High School,Manual,Yes,0-1 Miles,Europe,Yes
24273,Married,Female,1,1,20000,2,1,4,2,55,1,1,Partial High School,Clerical,Yes,5-10 Miles,Pacific,Yes
24279,Single,Male,0,0,40000,2,3,2,2,52,0,0,Partial College,Skilled Manual,No,1-2 Miles,Pacific,No
24305,Single,Male,0,0,100000,1,4,1,3,46,0,1,Bachelors,Management,No,0-1 Miles,Pacific,Yes
24322,Married,Female,1,1,60000,4,4,1,2,42,1,0,Bachelors,Skilled Manual,Yes,0-1 Miles,North America,No
24324,Single,Female,0,1,60000,4,4,3,2,41,1,1,Bachelors,Skilled Manual,Yes,2-5 Miles,North America,Yes
24357,Married,Male,1,0,60000,3,4,3,1,48,1,1,Bachelors,Professional,Yes,2-5 Miles,North America,Yes
24369,Married,Female,1,1,80000,5,5,1,2,39,0,0,Graduate Degree,Management,No,0-1 Miles,Pacific,No
24381,Single,Male,0,0,70000,0,4,4,1,41,1,1,Bachelors,Professional,Yes,5-10 Miles,Pacific,Yes
24397,Single,Male,0,0,120000,2,4,2,4,40,0,0,Bachelors,Management,No,1-2 Miles,North America,No
24398,Married,Male,1,0,130000,1,5,1,4,41,1,0,Graduate Degree,Management,Yes,0-1 Miles,North America,No
24416,Married,Male,1,0,90000,4,2,2,2,45,1,0,High School,Professional,Yes,1-2 Miles,North America,No
24433,Married,Male,1,0,70000,3,2,2,1,52,0,1,High School,Professional,No,1-2 Miles,North America,Yes
24466,Married,Female,1,1,60000,1,3,4,1,46,1,1,Partial College,Skilled Manual,Yes,5-10 Miles,Pacific,Yes
24485,Single,Male,0,0,40000,2,4,4,1,52,0,1,Bachelors,Management,No,5-10 Miles,Pacific,Yes
24496,Single,Female,0,1,40000,0,2,1,2,28,0,1,High School,Skilled Manual,No,0-1 Miles,North America,Yes
24514,Married,Male,1,0,40000,0,3,4,1,30,1,0,Partial College,Skilled Manual,Yes,5-10 Miles,North America,No
24584,Single,Male,0,0,60000,0,4,3,3,31,0,0,Bachelors,Professional,No,2-5 Miles,Pacific,No
24611,Single,Male,0,0,90000,0,4,5,4,35,0,1,Bachelors,Professional,No,10+ Miles,Pacific,Yes
24637,Married,Male,1,0,40000,4,2,5,2,64,1,0,High School,Professional,Yes,10+ Miles,North America,No
24643,Single,Female,0,1,60000,4,4,5,2,63,1,0,Bachelors,Management,Yes,10+ Miles,North America,No
24725,Married,Female,1,1,40000,3,3,2,0,31,1,0,Partial College,Clerical,Yes,1-2 Miles,North America,No
24738,Married,Female,1,1,40000,1,3,2,1,51,1,1,Partial College,Clerical,Yes,1-2 Miles,North America,Yes
24745,Single,Female,0,1,30000,2,2,1,2,49,0,0,High School,Skilled Manual,No,0-1 Miles,North America,No
24801,Single,Male,0,0,60000,1,5,3,0,35,1,1,Graduate Degree,Professional,Yes,2-5 Miles,North America,Yes
24842,Single,Female,0,1,90000,3,2,3,1,51,0,0,High School,Professional,No,2-5 Miles,Europe,No
24857,Married,Female,1,1,130000,3,2,1,4,52,1,0,High School,Professional,Yes,0-1 Miles,Europe,No
24871,Single,Female,0,1,90000,4,2,4,3,56,0,0,High School,Management,No,5-10 Miles,Europe,No
24898,Single,Female,0,1,80000,0,4,5,3,32,1,0,Bachelors,Professional,Yes,10+ Miles,Pacific,No
24901,Single,Male,0,0,110000,0,3,5,3,32,0,1,Partial College,Management,No,10+ Miles,Pacific,Yes
24941,Married,Male,1,0,60000,3,4,5,2,66,1,0,Bachelors,Management,Yes,10+ Miles,North America,No
24943,Married,Male,1,0,60000,3,4,5,2,66,1,0,Bachelors,Management,Yes,10+ Miles,North America,No
24955,Single,Male,0,0,30000,5,1,5,3,60,1,1,Partial High School,Skilled Manual,Yes,10+ Miles,North America,Yes
24958,Single,Female,0,1,40000,5,2,3,3,60,0,1,High School,Professional,No,2-5 Miles,North America,Yes
24979,Married,Female,1,1,60000,2,3,3,2,57,1,1,Partial College,Professional,Yes,2-5 Miles,North America,Yes
24981,Married,Male,1,0,60000,2,3,5,2,56,1,0,Partial College,Professional,Yes,10+ Miles,North America,No
25006,Single,Female,0,1,30000,0,3,4,1,28,1,0,Partial College,Skilled Manual,Yes,5-10 Miles,North America,No
25026,Married,Male,1,0,20000,2,1,4,3,54,1,0,Partial High School,Clerical,Yes,5-10 Miles,Pacific,No
25041,Single,Male,0,0,40000,0,2,4,2,31,1,0,High School,Skilled Manual,Yes,5-10 Miles,North America,No
25058,Married,Male,1,0,100000,1,4,3,3,47,1,0,Bachelors,Management,Yes,2-5 Miles,Pacific,No
25065,Married,Male,1,0,70000,2,1,4,2,48,1,0,Partial High School,Skilled Manual,Yes,5-10 Miles,North America,No
25074,Married,Female,1,1,70000,4,4,3,2,42,1,1,Bachelors,Professional,Yes,2-5 Miles,North America,Yes
25101,Married,Male,1,0,60000,5,4,3,1,47,1,0,Bachelors,Professional,Yes,2-5 Miles,North America,No
25148,Married,Male,1,0,60000,2,2,2,2,48,0,1,High School,Professional,No,1-2 Miles,North America,Yes
25184,Single,Male,0,0,110000,1,3,4,4,45,1,1,Partial College,Professional,Yes,5-10 Miles,North America,Yes
25241,Married,Male,1,0,90000,2,4,4,1,47,1,0,Bachelors,Professional,Yes,5-10 Miles,Pacific,No
25261,Married,Male,1,0,40000,0,2,4,2,27,1,0,High School,Skilled Manual,Yes,5-10 Miles,North America,No
25266,Single,Female,0,1,30000,2,3,4,2,67,0,0,Partial College,Clerical,No,5-10 Miles,Pacific,No
25293,Married,Male,1,0,80000,4,4,2,0,42,1,0,Bachelors,Management,Yes,1-2 Miles,North America,No
25303,Single,Male,0,0,30000,0,2,3,1,33,1,1,High School,Manual,Yes,2-5 Miles,Europe,Yes
25307,Married,Female,1,1,40000,1,4,2,1,32,1,1,Bachelors,Skilled Manual,Yes,1-2 Miles,Europe,Yes
25313,Single,Male,0,0,10000,0,1,2,2,35,0,0,Partial High School,Manual,No,1-2 Miles,Europe,No
25323,Married,Male,1,0,40000,2,3,2,1,35,1,1,Partial College,Clerical,Yes,1-2 Miles,Europe,Yes
25329,Single,Female,0,1,40000,3,3,1,2,32,0,0,Partial College,Clerical,No,0-1 Miles,North America,No
25343,Single,Female,0,1,20000,3,1,2,2,50,1,0,Partial High School,Clerical,Yes,1-2 Miles,North America,No
25347,Single,Female,0,1,20000,3,1,1,2,49,0,0,Partial High School,Clerical,No,0-1 Miles,North America,No
25375,Married,Male,1,0,50000,1,5,2,0,34,1,0,Graduate Degree,Skilled Manual,Yes,1-2 Miles,North America,No
25394,Married,Male,1,0,60000,1,5,3,0,34,1,1,Graduate Degree,Professional,Yes,2-5 Miles,North America,Yes
25405,Married,Male,1,0,70000,2,4,3,1,38,1,1,Bachelors,Skilled Manual,Yes,2-5 Miles,North America,Yes
25419,Single,Male,0,0,50000,2,4,1,1,38,0,1,Bachelors,Skilled Manual,No,0-1 Miles,North America,Yes
25458,Married,Male,1,0,20000,1,2,2,1,40,0,1,High School,Manual,No,1-2 Miles,Europe,Yes
25460,Married,Female,1,1,20000,2,2,1,0,40,1,1,High School,Manual,Yes,0-1 Miles,Europe,Yes
25502,Married,Female,1,1,40000,1,4,1,0,43,1,1,Bachelors,Skilled Manual,Yes,0-1 Miles,Europe,Yes
25512,Single,Male,0,0,20000,0,2,3,1,30,0,0,High School,Manual,No,2-5 Miles,Europe,No
25529,Single,Male,0,0,10000,1,5,1,0,44,1,0,Graduate Degree,Manual,Yes,0-1 Miles,Europe,No
25553,Married,Male,1,0,30000,1,4,1,0,65,1,1,Bachelors,Clerical,Yes,0-1 Miles,Europe,Yes
25555,Married,Female,1,1,10000,0,3,1,1,26,0,1,Partial College,Manual,No,0-1 Miles,Pacific,Yes
25559,Single,Male,0,0,20000,0,4,1,0,25,1,1,Bachelors,Clerical,Yes,0-1 Miles,Pacific,Yes
25597,Single,Male,0,0,30000,0,4,1,0,36,0,1,Bachelors,Clerical,No,0-1 Miles,Europe,Yes
25598,Married,Female,1,1,40000,0,5,1,0,36,1,1,Graduate Degree,Clerical,Yes,0-1 Miles,Europe,Yes
25605,Single,Female,0,1,20000,2,3,1,1,54,0,1,Partial College,Manual,No,0-1 Miles,Europe,Yes
25649,Single,Female,0,1,30000,3,3,1,0,42,1,1,Partial College,Clerical,Yes,0-1 Miles,Europe,Yes
25651,Married,Male,1,0,40000,1,4,1,0,43,0,1,Bachelors,Skilled Manual,No,0-1 Miles,Europe,Yes
25665,Single,Female,0,1,20000,0,2,2,1,28,0,0,High School,Manual,No,1-2 Miles,Europe,No
25681,Single,Female,0,1,30000,0,3,3,1,31,0,1,Partial College,Clerical,No,2-5 Miles,Europe,Yes
25693,Single,Female,0,1,30000,5,5,1,0,44,1,1,Graduate Degree,Clerical,Yes,0-1 Miles,Europe,Yes
25752,Single,Female,0,1,20000,2,3,1,1,53,0,1,Partial College,Manual,No,0-1 Miles,Europe,Yes
25792,Single,Female,0,1,110000,3,4,5,4,53,1,0,Bachelors,Management,Yes,10+ Miles,Europe,No
25872,Single,Female,0,1,70000,2,4,3,1,58,0,1,Bachelors,Management,No,2-5 Miles,North America,Yes
25886,Married,Female,1,1,60000,2,3,3,2,56,1,1,Partial College,Professional,Yes,2-5 Miles,North America,Yes
25898,Married,Female,1,1,70000,2,2,3,2,53,1,0,High School,Professional,Yes,2-5 Miles,North America,No
25899,Married,Female,1,1,70000,2,2,5,2,53,1,0,High School,Professional,Yes,10+ Miles,North America,No
25906,Single,Female,0,1,10000,5,2,2,2,62,0,0,High School,Skilled Manual,No,1-2 Miles,Pacific,No
25908,Married,Female,1,1,60000,0,3,2,1,27,0,0,Partial College,Skilled Manual,No,1-2 Miles,North America,No
25909,Married,Male,1,0,60000,0,3,4,1,27,1,1,Partial College,Skilled Manual,Yes,5-10 Miles,North America,Yes
25918,Single,Female,0,1,30000,2,3,4,2,60,0,1,Partial College,Clerical,No,5-10 Miles,Pacific,Yes
25923,Single,Male,0,0,10000,2,1,4,2,58,1,0,Partial High School,Clerical,Yes,5-10 Miles,Pacific,No
25940,Single,Male,0,0,20000,2,1,4,2,55,1,1,Partial High School,Clerical,Yes,5-10 Miles,Pacific,Yes
25943,Single,Female,0,1,70000,0,3,1,2,27,0,1,Partial College,Skilled Manual,No,0-1 Miles,North America,Yes
25954,Married,Male,1,0,60000,0,3,2,2,31,0,0,Partial College,Skilled Manual,No,1-2 Miles,North America,No
25970,Single,Female,0,1,60000,4,4,1,2,41,0,1,Bachelors,Skilled Manual,No,0-1 Miles,North America,Yes
25983,Married,Male,1,0,70000,0,4,1,1,43,0,0,Bachelors,Professional,No,0-1 Miles,North America,No
26012,Married,Male,1,0,80000,1,3,3,1,48,1,1,Partial College,Skilled Manual,Yes,2-5 Miles,North America,Yes
26032,Married,Female,1,1,70000,5,4,5,4,41,1,0,Bachelors,Professional,Yes,10+ Miles,Pacific,No
26065,Single,Female,0,1,110000,3,4,2,4,42,0,0,Bachelors,Management,No,1-2 Miles,North America,No
26139,Single,Male,0,0,60000,1,3,4,1,45,1,0,Partial College,Skilled Manual,Yes,5-10 Miles,Pacific,No
26150,Single,Female,0,1,70000,0,4,1,1,41,0,1,Bachelors,Professional,No,0-1 Miles,Pacific,Yes
26154,Married,Male,1,0,60000,1,3,4,1,43,1,1,Partial College,Skilled Manual,Yes,5-10 Miles,Pacific,Yes
26167,Single,Female,0,1,40000,2,4,4,1,53,0,1,Bachelors,Management,No,5-10 Miles,Pacific,Yes
26219,Married,Female,1,1,40000,1,4,2,1,33,1,1,Bachelors,Skilled Manual,Yes,1-2 Miles,Europe,Yes
26236,Married,Female,1,1,40000,3,3,1,1,31,1,0,Partial College,Clerical,Yes,0-1 Miles,North America,No
26238,Single,Female,0,1,40000,3,3,2,1,31,1,1,Partial College,Clerical,Yes,1-2 Miles,North America,Yes
26248,Married,Male,1,0,20000,3,1,1,2,52,0,0,Partial High School,Clerical,No,0-1 Miles,North America,No
26270,Single,Female,0,1,20000,2,1,2,2,49,1,0,Partial High School,Clerical,Yes,1-2 Miles,North America,No
26298,Married,Female,1,1,50000,1,4,3,0,34,1,1,Bachelors,Skilled Manual,Yes,2-5 Miles,North America,Yes
26305,Single,Female,0,1,60000,2,4,1,0,36,0,1,Bachelors,Skilled Manual,No,0-1 Miles,North America,Yes
26327,Married,Male,1,0,70000,4,5,3,0,36,1,1,Graduate Degree,Professional,Yes,2-5 Miles,North America,Yes
26341,Married,Female,1,1,70000,5,5,1,2,37,1,0,Graduate Degree,Professional,Yes,0-1 Miles,North America,No
26354,Single,Male,0,0,40000,0,5,1,0,38,0,1,Graduate Degree,Clerical,No,0-1 Miles,Europe,Yes
26385,Single,Male,0,0,120000,3,2,4,4,50,0,0,High School,Professional,No,5-10 Miles,Europe,No
26412,Married,Female,1,1,80000,5,2,4,3,56,0,0,High School,Management,No,5-10 Miles,Europe,No
26415,Married,Female,1,1,90000,4,1,5,4,58,1,0,Partial High School,Skilled Manual,Yes,10+ Miles,Europe,No
26452,Single,Male,0,0,50000,3,5,5,2,69,1,0,Graduate Degree,Management,Yes,10+ Miles,North America,No
26490,Single,Male,0,0,70000,2,4,3,1,59,0,1,Bachelors,Management,No,2-5 Miles,North America,Yes
26495,Single,Female,0,1,40000,2,2,5,2,57,1,0,High School,Professional,Yes,10+ Miles,North America,No
26547,Single,Female,0,1,30000,2,3,4,2,60,0,1,Partial College,Clerical,No,5-10 Miles,Pacific,Yes
26575,Single,Female,0,1,40000,0,2,2,2,31,0,1,High School,Skilled Manual,No,1-2 Miles,North America,Yes
26576,Married,Female,1,1,60000,0,3,4,2,31,1,0,Partial College,Skilled Manual,Yes,5-10 Miles,North America,No
26582,Married,Male,1,0,60000,0,3,4,2,33,1,1,Partial College,Skilled Manual,Yes,5-10 Miles,North America,Yes
26597,Single,Female,0,1,60000,4,4,1,2,42,0,0,Bachelors,Skilled Manual,No,0-1 Miles,North America,No
26625,Single,Female,0,1,60000,0,5,3,1,38,1,1,Graduate Degree,Professional,Yes,2-5 Miles,North America,Yes
26651,Single,Male,0,0,80000,4,5,1,0,36,1,1,Graduate Degree,Management,Yes,0-1 Miles,Pacific,Yes
26654,Married,Female,1,1,90000,1,5,1,0,37,1,1,Graduate Degree,Management,Yes,0-1 Miles,Pacific,Yes
26663,Single,Female,0,1,60000,2,4,1,1,39,0,1,Bachelors,Professional,No,0-1 Miles,Pacific,Yes
26678,Single,Female,0,1,80000,2,1,4,2,49,1,0,Partial High School,Skilled Manual,Yes,5-10 Miles,North America,No
26693,Married,Male,1,0,70000,3,3,4,1,49,1,0,Partial College,Professional,Yes,5-10 Miles,North America,No
26728,Single,Male,0,0,70000,3,5,2,2,53,0,1,Graduate Degree,Management,No,1-2 Miles,North America,Yes
26757,Single,Male,0,0,90000,1,4,3,1,47,1,1,Bachelors,Professional,Yes,2-5 Miles,Pacific,Yes
26765,Single,Female,0,1,70000,5,3,4,2,45,1,0,Partial College,Skilled Manual,Yes,5-10 Miles,Pacific,No
26778,Single,Female,0,1,40000,0,2,4,2,31,1,0,High School,Skilled Manual,Yes,5-10 Miles,North America,No
26796,Single,Male,0,0,40000,2,4,4,2,65,1,1,Bachelors,Management,Yes,5-10 Miles,Pacific,Yes
26818,Single,Male,0,0,10000,3,2,1,1,39,1,1,High School,Manual,Yes,0-1 Miles,Europe,Yes
26829,Married,Female,1,1,40000,0,4,1,0,38,1,1,Bachelors,Clerical,Yes,0-1 Miles,Europe,Yes
26849,Married,Male,1,0,10000,3,1,1,2,43,1,0,Partial High School,Manual,Yes,0-1 Miles,Europe,No
26852,Married,Female,1,1,20000,3,2,1,2,43,1,0,High School,Manual,Yes,0-1 Miles,Europe,No
26863,Single,Male,0,0,20000,0,2,3,1,28,0,0,High School,Manual,No,2-5 Miles,Europe,No
26879,Single,Female,0,1,20000,0,2,3,1,30,0,0,High School,Manual,No,2-5 Miles,Europe,No
26886,Single,Female,0,1,30000,0,3,1,1,29,0,1,Partial College,Clerical,No,0-1 Miles,Europe,Yes
26928,Single,Male,0,0,30000,1,4,1,0,62,1,1,Bachelors,Clerical,Yes,0-1 Miles,Europe,Yes
26941,Married,Male,1,0,30000,0,4,1,0,47,1,1,Bachelors,Clerical,Yes,0-1 Miles,Europe,Yes
26944,Single,Male,0,0,10000,2,2,1,0,36,1,1,High School,Manual,Yes,0-1 Miles,Europe,Yes
26956,Single,Female,0,1,20000,0,3,3,1,36,0,1,Partial College,Manual,No,2-5 Miles,Europe,Yes
26984,Married,Male,1,0,40000,1,4,1,1,32,1,1,Bachelors,Skilled Manual,Yes,0-1 Miles,Europe,Yes
27040,Married,Male,1,0,20000,2,1,2,2,49,1,0,Partial High School,Clerical,Yes,1-2 Miles,North America,No
27074,Married,Female,1,1,70000,1,5,1,0,35,1,1,Graduate Degree,Skilled Manual,Yes,0-1 Miles,North America,Yes
27090,Married,Female,1,1,60000,1,5,3,0,37,1,1,Graduate Degree,Professional,Yes,2-5 Miles,North America,Yes
27165,Single,Male,0,0,20000,0,1,1,2,34,0,0,Partial High School,Manual,No,0-1 Miles,Europe,No
27169,Single,Male,0,0,30000,0,2,3,1,34,1,1,High School,Manual,Yes,2-5 Miles,Europe,Yes
27183,Single,Male,0,0,40000,2,3,2,1,35,1,1,Partial College,Clerical,Yes,1-2 Miles,Europe,Yes
27184,Single,Male,0,0,40000,2,3,1,1,34,0,0,Partial College,Clerical,No,0-1 Miles,Europe,No
27190,Married,Female,1,1,40000,3,3,2,1,32,1,0,Partial College,Clerical,Yes,1-2 Miles,North America,No
27198,Single,Female,0,1,80000,0,5,1,0,40,0,0,Graduate Degree,Skilled Manual,No,0-1 Miles,North America,No
27218,Married,Female,1,1,20000,2,1,1,2,48,0,0,Partial High School,Clerical,No,0-1 Miles,North America,No
27261,Married,Male,1,0,40000,1,4,1,1,36,0,1,Bachelors,Skilled Manual,No,0-1 Miles,North America,Yes
27273,Single,Male,0,0,70000,3,5,1,0,35,0,1,Graduate Degree,Professional,No,0-1 Miles,North America,Yes
27279,Single,Female,0,1,70000,2,4,3,0,38,1,1,Bachelors,Skilled Manual,Yes,2-5 Miles,North America,Yes
27304,Single,Female,0,1,110000,2,3,4,3,48,0,0,Partial College,Professional,No,5-10 Miles,Europe,No
27388,Married,Male,1,0,60000,3,4,2,2,66,0,0,Bachelors,Management,No,1-2 Miles,North America,No
27393,Married,Female,1,1,50000,4,4,5,2,63,1,0,Bachelors,Management,Yes,10+ Miles,North America,No
27434,Single,Male,0,0,70000,4,3,5,1,56,1,0,Partial College,Professional,Yes,10+ Miles,North America,No
27441,Married,Male,1,0,60000,3,2,3,2,53,0,0,High School,Professional,No,2-5 Miles,North America,No
27494,Single,Female,0,1,40000,2,3,2,2,53,0,1,Partial College,Skilled Manual,No,1-2 Miles,Pacific,Yes
27505,Single,Female,0,1,40000,0,2,4,2,30,1,0,High School,Skilled Manual,Yes,5-10 Miles,North America,No
27540,Single,Female,0,1,70000,0,4,1,1,37,0,1,Bachelors,Professional,No,0-1 Miles,North America,Yes
27582,Single,Female,0,1,90000,2,4,1,0,36,0,1,Bachelors,Professional,No,0-1 Miles,Pacific,Yes
27585,Married,Female,1,1,90000,2,4,1,0,36,0,1,Bachelors,Professional,No,0-1 Miles,Pacific,Yes
27637,Single,Female,0,1,100000,1,3,2,3,44,0,0,Partial College,Professional,No,1-2 Miles,North America,No
27638,Single,Male,0,0,100000,1,3,2,3,44,0,0,Partial College,Professional,No,1-2 Miles,North America,No
27643,Single,Male,0,0,70000,5,3,3,3,44,1,0,Partial College,Professional,Yes,2-5 Miles,North America,No
27650,Married,Male,1,0,70000,4,2,4,0,51,1,0,High School,Professional,Yes,5-10 Miles,North America,No
27660,Married,Male,1,0,80000,4,5,4,2,70,1,0,Graduate Degree,Management,Yes,5-10 Miles,North America,No
27673,Single,Female,0,1,60000,3,5,4,2,53,1,1,Graduate Degree,Management,Yes,5-10 Miles,North America,Yes
27696,Married,Male,1,0,60000,1,4,4,1,43,1,1,Bachelors,Professional,Yes,5-10 Miles,Pacific,Yes
27731,Married,Male,1,0,40000,0,2,4,2,27,1,0,High School,Skilled Manual,Yes,5-10 Miles,North America,No
27740,Married,Female,1,1,40000,0,2,4,2,27,1,0,High School,Skilled Manual,Yes,5-10 Miles,North America,No
27745,Single,Male,0,0,40000,2,4,4,2,63,1,1,Bachelors,Management,Yes,5-10 Miles,Pacific,Yes
27753,Married,Male,1,0,40000,0,2,2,2,30,0,0,High School,Skilled Manual,No,1-2 Miles,North America,No
27756,Single,Female,0,1,50000,3,4,1,1,40,0,0,Bachelors,Skilled Manual,No,0-1 Miles,North America,No
27760,Single,Female,0,1,40000,0,5,1,0,37,0,1,Graduate Degree,Clerical,No,0-1 Miles,Europe,Yes
27771,Single,Male,0,0,30000,1,4,2,1,39,1,1,Bachelors,Clerical,Yes,1-2 Miles,Europe,Yes
27775,Single,Female,0,1,40000,0,4,1,0,38,0,1,Bachelors,Clerical,No,0-1 Miles,Europe,Yes
27803,Single,Female,0,1,30000,2,3,1,0,43,0,0,Partial College,Clerical,No,0-1 Miles,Europe,No
27814,Single,Female,0,1,30000,3,3,1,1,26,0,0,Partial College,Clerical,No,0-1 Miles,Europe,No
27824,Single,Female,0,1,30000,3,3,1,2,28,1,1,Partial College,Clerical,Yes,0-1 Miles,Europe,Yes
27832,Single,Female,0,1,30000,0,3,3,1,30,0,0,Partial College,Clerical,No,2-5 Miles,Europe,No
27835,Married,Male,1,0,20000,0,1,1,2,32,1,0,Partial High School,Manual,Yes,0-1 Miles,Europe,No
27878,Single,Male,0,0,20000,0,3,1,0,28,0,1,Partial College,Manual,No,0-1 Miles,Pacific,Yes
27941,Married,Female,1,1,80000,4,3,3,2,53,1,0,Partial College,Professional,Yes,2-5 Miles,Europe,No
27951,Single,Male,0,0,80000,4,3,3,2,54,0,1,Partial College,Professional,No,2-5 Miles,Europe,Yes
27969,Married,Male,1,0,80000,0,4,5,2,29,1,1,Bachelors,Professional,Yes,10+ Miles,Pacific,Yes
27974,Single,Male,0,0,160000,2,2,1,4,33,1,1,High School,Management,Yes,0-1 Miles,Pacific,Yes
27994,Married,Female,1,1,40000,4,2,4,2,69,1,0,High School,Professional,Yes,5-10 Miles,North America,No
28004,Married,Female,1,1,60000,3,4,5,2,66,1,0,Bachelors,Management,Yes,10+ Miles,North America,No
28026,Married,Female,1,1,40000,2,2,3,2,59,0,0,High School,Professional,No,2-5 Miles,North America,No
28031,Single,Female,0,1,70000,2,4,3,1,59,0,1,Bachelors,Management,No,2-5 Miles,North America,Yes
28043,Married,Female,1,1,60000,2,4,5,0,56,1,0,Bachelors,Management,Yes,10+ Miles,North America,No
28052,Married,Male,1,0,60000,2,2,5,2,55,1,0,High School,Professional,Yes,10+ Miles,North America,No
28056,Married,Male,1,0,70000,2,1,5,2,53,1,0,Partial High School,Skilled Manual,Yes,10+ Miles,North America,No
28066,Married,Male,1,0,80000,2,5,1,0,37,1,1,Graduate Degree,Professional,Yes,0-1 Miles,North America,Yes
28068,Single,Female,0,1,80000,3,5,1,0,36,0,1,Graduate Degree,Professional,No,0-1 Miles,North America,Yes
28087,Single,Female,0,1,40000,0,3,2,1,27,0,0,Partial College,Skilled Manual,No,1-2 Miles,North America,No
28090,Married,Male,1,0,40000,0,3,4,1,27,1,0,Partial College,Skilled Manual,Yes,5-10 Miles,North America,No
28102,Married,Male,1,0,20000,4,2,4,2,58,1,1,High School,Skilled Manual,Yes,5-10 Miles,Pacific,Yes
28192,Married,Female,1,1,70000,5,5,5,3,46,1,0,Graduate Degree,Professional,Yes,10+ Miles,North America,No
28207,Married,Male,1,0,80000,4,5,1,1,36,1,1,Graduate Degree,Management,Yes,0-1 Miles,Pacific,Yes
28228,Single,Female,0,1,80000,2,1,2,2,50,0,0,Partial High School,Skilled Manual,No,1-2 Miles,North America,No
28269,Single,Female,0,1,130000,1,4,3,1,45,0,0,Bachelors,Management,No,2-5 Miles,North America,No
28278,Married,Male,1,0,50000,2,5,4,2,71,1,0,Graduate Degree,Management,Yes,5-10 Miles,North America,No
28319,Single,Female,0,1,60000,1,3,1,1,46,0,1,Partial College,Skilled Manual,No,0-1 Miles,Pacific,Yes
28323,Single,Male,0,0,70000,0,4,4,2,43,0,1,Bachelors,Professional,No,5-10 Miles,Pacific,Yes
28379,Married,Male,1,0,30000,1,4,1,2,40,1,0,Bachelors,Skilled Manual,Yes,0-1 Miles,Europe,No
28380,Single,Female,0,1,10000,5,1,1,2,41,0,0,Partial High School,Manual,No,0-1 Miles,Europe,No
28395,Single,Male,0,0,40000,0,4,1,0,39,0,1,Bachelors,Professional,No,0-1 Miles,Europe,Yes
28412,Single,Male,0,0,20000,0,2,3,1,29,0,0,High School,Manual,No,2-5 Miles,Europe,No
28436,Single,Male,0,0,30000,0,3,1,1,30,0,1,Partial College,Clerical,No,0-1 Miles,Europe,Yes
28468,Married,Female,1,1,10000,2,3,2,0,51,1,0,Partial College,Manual,Yes,1-2 Miles,Europe,No
28488,Single,Male,0,0,20000,0,3,1,0,28,1,1,Partial College,Manual,Yes,0-1 Miles,Pacific,Yes
28521,Single,Male,0,0,40000,0,5,1,0,36,0,1,Graduate Degree,Clerical,No,0-1 Miles,Europe,Yes
28564,Single,Female,0,1,40000,2,3,2,0,33,1,1,Partial College,Clerical,Yes,1-2 Miles,Europe,Yes
28580,Married,Female,1,1,80000,0,5,2,0,40,1,1,Graduate Degree,Skilled Manual,Yes,1-2 Miles,North America,Yes
28609,Married,Male,1,0,30000,2,2,1,2,49,0,0,High School,Skilled Manual,No,0-1 Miles,North America,No
28625,Single,Male,0,0,40000,2,3,2,1,47,0,1,Partial College,Clerical,No,1-2 Miles,North America,Yes
28657,Single,Male,0,0,60000,2,4,3,0,36,1,1,Bachelors,Skilled Manual,Yes,2-5 Miles,North America,Yes
28667,Single,Male,0,0,70000,2,4,1,1,37,0,1,Bachelors,Skilled Manual,No,0-1 Miles,North America,Yes
28672,Single,Male,0,0,70000,4,5,3,0,35,1,1,Graduate Degree,Professional,Yes,2-5 Miles,North America,Yes
28683,Single,Female,0,1,10000,1,2,4,1,35,0,1,High School,Manual,No,5-10 Miles,Europe,Yes
28729,Single,Female,0,1,20000,0,1,2,2,26,1,1,Partial High School,Manual,Yes,1-2 Miles,Europe,Yes
28758,Married,Male,1,0,40000,2,3,2,1,35,1,1,Partial College,Clerical,Yes,1-2 Miles,Europe,Yes
28799,Single,Female,0,1,40000,2,3,2,1,47,0,1,Partial College,Clerical,No,1-2 Miles,North America,Yes
28815,Married,Female,1,1,50000,1,5,1,0,35,1,0,Graduate Degree,Skilled Manual,Yes,0-1 Miles,North America,No
28858,Single,Male,0,0,80000,3,4,3,0,40,1,0,Bachelors,Skilled Manual,Yes,2-5 Miles,North America,No
28906,Married,Male,1,0,80000,4,2,5,2,54,1,0,High School,Professional,Yes,10+ Miles,Europe,No
28915,Single,Male,0,0,80000,5,2,5,3,57,1,0,High School,Management,Yes,10+ Miles,Europe,No
28918,Married,Female,1,1,130000,4,2,5,4,58,0,0,High School,Management,No,10+ Miles,Europe,No
28957,Single,Female,0,1,120000,0,1,5,4,34,1,1,Partial High School,Professional,Yes,10+ Miles,Pacific,Yes
28972,Single,Female,0,1,60000,3,5,5,2,66,1,0,Graduate Degree,Management,Yes,10+ Miles,North America,No
28997,Single,Male,0,0,40000,2,2,3,1,58,0,1,High School,Professional,No,2-5 Miles,North America,Yes
29030,Married,Male,1,0,70000,2,1,5,2,54,1,0,Partial High School,Skilled Manual,Yes,10+ Miles,North America,No
29037,Married,Male,1,0,60000,0,5,1,0,39,0,0,Graduate Degree,Professional,No,0-1 Miles,North America,No
29048,Single,Male,0,0,110000,2,4,1,3,37,0,1,Bachelors,Management,No,0-1 Miles,North America,Yes
29052,Single,Male,0,0,40000,0,3,4,1,27,1,0,Partial College,Skilled Manual,Yes,5-10 Miles,North America,No
29094,Married,Male,1,0,30000,3,2,4,2,54,1,1,High School,Skilled Manual,Yes,5-10 Miles,Pacific,Yes
29097,Single,Female,0,1,40000,2,3,4,2,52,1,1,Partial College,Skilled Manual,Yes,5-10 Miles,Pacific,Yes
29106,Single,Male,0,0,40000,0,2,2,2,31,0,1,High School,Skilled Manual,No,1-2 Miles,North America,Yes
29112,Single,Male,0,0,60000,0,3,2,2,30,0,0,Partial College,Professional,No,1-2 Miles,North America,No
29117,Single,Male,0,0,100000,1,4,1,3,48,0,0,Bachelors,Management,No,0-1 Miles,Pacific,No
29120,Single,Female,0,1,100000,1,4,3,4,48,1,0,Bachelors,Management,Yes,2-5 Miles,Pacific,No
29132,Single,Female,0,1,40000,0,4,3,1,42,1,1,Bachelors,Professional,Yes,2-5 Miles,North America,Yes
29133,Single,Female,0,1,60000,4,4,1,2,42,0,0,Bachelors,Skilled Manual,No,0-1 Miles,North America,No
29134,Married,Male,1,0,60000,4,4,5,3,42,0,0,Bachelors,Skilled Manual,No,10+ Miles,North America,No
29143,Single,Female,0,1,60000,1,4,1,1,44,0,1,Bachelors,Professional,No,0-1 Miles,North America,Yes
29181,Single,Female,0,1,60000,2,4,1,1,38,0,1,Bachelors,Professional,No,0-1 Miles,Pacific,Yes
29191,Single,Female,0,1,130000,1,5,1,1,36,0,1,Graduate Degree,Management,No,0-1 Miles,Pacific,Yes
29231,Single,Female,0,1,80000,4,3,1,2,43,0,0,Partial College,Professional,No,0-1 Miles,North America,No
29237,Single,Female,0,1,120000,4,3,4,3,43,1,1,Partial College,Professional,Yes,5-10 Miles,North America,Yes
29243,Single,Male,0,0,110000,1,4,4,1,43,1,0,Bachelors,Management,Yes,5-10 Miles,North America,No
29255,Single,Male,0,0,80000,3,3,2,1,51,0,1,Partial College,Professional,No,1-2 Miles,North America,Yes
29298,Single,Female,0,1,60000,1,3,4,1,46,1,1,Partial College,Skilled Manual,Yes,5-10 Miles,Pacific,Yes
29301,Married,Male,1,0,80000,5,4,2,4,40,1,0,Bachelors,Professional,Yes,1-2 Miles,Pacific,No
29337,Single,Male,0,0,30000,2,3,4,2,68,1,0,Partial College,Clerical,Yes,5-10 Miles,Pacific,No
29355,Married,Female,1,1,40000,0,5,1,0,37,1,1,Graduate Degree,Clerical,Yes,0-1 Miles,Europe,Yes
29380,Married,Female,1,1,20000,3,2,1,0,41,1,1,High School,Manual,Yes,0-1 Miles,Europe,Yes
29424,Married,Male,1,0,10000,0,1,1,2,32,1,0,Partial High School,Manual,Yes,0-1 Miles,Europe,No
29447,Single,Female,0,1,10000,2,4,3,1,68,0,0,Bachelors,Clerical,No,2-5 Miles,Europe,No
