name,type1,type2,weight_kg,hp,attack,defense,speed,generation,is_legendary
Bulbasaur,grass,poison,6.9,45,49,49,45,1,0
Ivysaur,grass,poison,13.0,60,62,63,60,1,0
Venusaur,grass,poison,100.0,80,100,123,80,1,0
Charmander,fire,,8.5,39,52,43,65,1,0
Charmeleon,fire,,19.0,58,64,58,80,1,0
Charizard,fire,flying,90.5,78,104,78,100,1,0
Squirtle,water,,9.0,44,48,65,43,1,0
Wartortle,water,,22.5,59,63,80,58,1,0
Blastoise,water,,85.5,79,103,120,78,1,0
Caterpie,bug,,2.9,45,30,35,45,1,0
Metapod,bug,,9.9,50,20,55,30,1,0
Butterfree,bug,flying,32.0,60,45,50,70,1,0
Weedle,bug,poison,3.2,40,35,30,50,1,0
Kakuna,bug,poison,10.0,45,25,50,35,1,0
Beedrill,bug,poison,29.5,65,150,40,145,1,0
Pidgey,normal,flying,1.8,40,45,40,56,1,0
Pidgeotto,normal,flying,30.0,63,60,55,71,1,0
Pidgeot,normal,flying,39.5,83,80,80,121,1,0
Rattata,normal,dark,,30,56,35,72,1,0
Raticate,normal,dark,,75,71,70,77,1,0
Spearow,normal,flying,2.0,40,60,30,70,1,0
Fearow,normal,flying,38.0,65,90,65,100,1,0
Ekans,poison,,6.9,35,60,44,55,1,0
Arbok,poison,,65.0,60,95,69,80,1,0
Pikachu,electric,,6.0,35,55,40,90,1,0
Raichu,electric,electric,,60,85,50,110,1,0
Sandshrew,ground,ice,,50,75,90,40,1,0
Sandslash,ground,ice,,75,100,120,65,1,0
Nidoran♀,poison,,7.0,55,47,52,41,1,0
Nidorina,poison,,20.0,70,62,67,56,1,0
Nidoqueen,poison,ground,60.0,90,92,87,76,1,0
Nidoran♂,poison,,9.0,46,57,40,50,1,0
Nidorino,poison,,19.5,61,72,57,65,1,0
Nidoking,poison,ground,62.0,81,102,77,85,1,0
Clefairy,fairy,,7.5,70,45,48,35,1,0
Clefable,fairy,,40.0,95,70,73,60,1,0
Vulpix,fire,ice,,38,41,40,65,1,0
Ninetales,fire,ice,,73,67,75,109,1,0
Jigglypuff,normal,fairy,5.5,115,45,20,20,1,0
Wigglytuff,normal,fairy,12.0,140,70,45,45,1,0
Zubat,poison,flying,7.5,40,45,35,55,1,0
Golbat,poison,flying,55.0,75,80,70,90,1,0
Oddish,grass,poison,5.4,45,50,55,30,1,0
Gloom,grass,poison,8.6,60,65,70,40,1,0
Vileplume,grass,poison,18.6,75,80,85,50,1,0
Paras,bug,grass,5.4,35,70,55,25,1,0
Parasect,bug,grass,29.5,60,95,80,30,1,0
Venonat,bug,poison,30.0,60,55,50,45,1,0
Venomoth,bug,poison,12.5,70,65,60,90,1,0
Diglett,ground,ground,,10,55,30,90,1,0
Dugtrio,ground,ground,,35,100,60,110,1,0
Meowth,normal,dark,,40,35,35,90,1,0
Persian,normal,dark,,65,60,60,115,1,0
Psyduck,water,,19.6,50,52,48,55,1,0
Golduck,water,,76.6,80,82,78,85,1,0
Mankey,fighting,,28.0,40,80,35,70,1,0
Primeape,fighting,,32.0,65,105,60,95,1,0
Growlithe,fire,,19.0,55,70,45,60,1,0
Arcanine,fire,,155.0,90,110,80,95,1,0
Poliwag,water,,12.4,40,50,40,90,1,0
Poliwhirl,water,,20.0,65,65,65,90,1,0
Poliwrath,water,fighting,54.0,90,95,95,70,1,0
Abra,psychic,,19.5,25,20,15,90,1,0
Kadabra,psychic,,56.5,40,35,30,105,1,0
Alakazam,psychic,,48.0,55,50,65,150,1,0
Machop,fighting,,19.5,70,80,50,35,1,0
Machoke,fighting,,70.5,80,100,70,45,1,0
Machamp,fighting,,130.0,90,130,80,55,1,0
Bellsprout,grass,poison,4.0,50,75,35,40,1,0
Weepinbell,grass,poison,6.4,65,90,50,55,1,0
Victreebel,grass,poison,15.5,80,105,65,70,1,0
Tentacool,water,poison,45.5,40,40,35,70,1,0
Tentacruel,water,poison,55.0,80,70,65,100,1,0
Geodude,rock,ground,,40,80,100,20,1,0
Graveler,rock,ground,,55,95,115,35,1,0
Golem,rock,ground,,80,120,130,45,1,0
Ponyta,fire,,30.0,50,85,55,90,1,0
Rapidash,fire,,95.0,65,100,70,105,1,0
Slowpoke,water,psychic,36.0,90,65,65,15,1,0
Slowbro,water,psychic,78.5,95,75,180,30,1,0
Magnemite,electric,steel,6.0,25,35,70,45,1,0
Magneton,electric,steel,60.0,50,60,95,70,1,0
Farfetch'd,normal,flying,15.0,52,90,55,60,1,0
Doduo,normal,flying,39.2,35,85,45,75,1,0
Dodrio,normal,flying,85.2,60,110,70,110,1,0
Seel,water,,90.0,65,45,55,45,1,0
Dewgong,water,ice,120.0,90,70,80,70,1,0
Grimer,poison,poison,,80,80,50,25,1,0
Muk,poison,poison,,105,105,75,50,1,0
Shellder,water,,4.0,30,65,100,40,1,0
Cloyster,water,ice,132.5,50,95,180,70,1,0
Gastly,ghost,poison,0.1,30,35,30,80,1,0
Haunter,ghost,poison,0.1,45,50,45,95,1,0
Gengar,ghost,poison,40.5,60,65,80,130,1,0
Onix,rock,ground,210.0,35,45,160,70,1,0
Drowzee,psychic,,32.4,60,48,45,42,1,0
Hypno,psychic,,75.6,85,73,70,67,1,0
Krabby,water,,6.5,30,105,90,50,1,0
Kingler,water,,60.0,55,130,115,75,1,0
Voltorb,electric,,10.4,40,30,50,100,1,0
Electrode,electric,,66.6,60,50,70,150,1,0
Exeggcute,grass,psychic,2.5,60,40,80,40,1,0
Exeggutor,grass,psychic,,95,105,85,45,1,0
Cubone,ground,,6.5,50,50,95,35,1,0
Marowak,ground,fire,,60,80,110,45,1,0
Hitmonlee,fighting,,49.8,50,120,53,87,1,0
Hitmonchan,fighting,,50.2,50,105,79,76,1,0
Lickitung,normal,,65.5,90,55,75,30,1,0
Koffing,poison,,1.0,40,65,95,35,1,0
Weezing,poison,,9.5,65,90,120,60,1,0
Rhyhorn,ground,rock,115.0,80,85,95,25,1,0
Rhydon,ground,rock,120.0,105,130,120,40,1,0
Chansey,normal,,34.6,250,5,5,50,1,0
Tangela,grass,,35.0,65,55,115,60,1,0
Kangaskhan,normal,,80.0,105,125,100,100,1,0
Horsea,water,,8.0,30,40,70,60,1,0
Seadra,water,,25.0,55,65,95,85,1,0
Goldeen,water,,15.0,45,67,60,63,1,0
Seaking,water,,39.0,80,92,65,68,1,0
Staryu,water,,34.5,30,45,55,85,1,0
Starmie,water,psychic,80.0,60,75,85,115,1,0
Mr. Mime,psychic,fairy,54.5,40,45,65,90,1,0
Scyther,bug,flying,56.0,70,110,80,105,1,0
Jynx,ice,psychic,40.6,65,50,35,95,1,0
Electabuzz,electric,,30.0,65,83,57,105,1,0
Magmar,fire,,44.5,65,95,57,93,1,0
Pinsir,bug,,55.0,65,155,120,105,1,0
Tauros,normal,,88.4,75,100,95,110,1,0
Magikarp,water,,10.0,20,10,55,80,1,0
Gyarados,water,flying,235.0,95,155,109,81,1,0
Lapras,water,ice,220.0,130,85,80,60,1,0
Ditto,normal,,4.0,48,48,48,48,1,0
Eevee,normal,,6.5,55,55,50,55,1,0
Vaporeon,water,,29.0,130,65,60,65,1,0
Jolteon,electric,,24.5,65,65,60,130,1,0
Flareon,fire,,25.0,65,130,60,65,1,0
Porygon,normal,,36.5,65,60,70,40,1,0
Omanyte,rock,water,7.5,35,40,100,35,1,0
Omastar,rock,water,35.0,70,60,125,55,1,0
Kabuto,rock,water,11.5,30,80,90,55,1,0
Kabutops,rock,water,40.5,60,115,105,80,1,0
Aerodactyl,rock,flying,59.0,80,135,85,150,1,0
Snorlax,normal,,460.0,160,110,65,30,1,0
Articuno,ice,flying,55.4,90,85,100,85,1,1
Zapdos,electric,flying,52.6,90,90,85,100,1,1
Moltres,fire,flying,60.0,90,100,90,90,1,1
Dratini,dragon,,3.3,41,64,45,50,1,0
Dragonair,dragon,,16.5,61,84,65,70,1,0
Dragonite,dragon,flying,210.0,91,134,95,80,1,0
Mewtwo,psychic,,122.0,106,150,70,140,1,1
Mew,psychic,,4.0,100,100,100,100,1,1
Chikorita,grass,,6.4,45,49,65,45,2,0
Bayleef,grass,,15.8,60,62,80,60,2,0
Meganium,grass,,100.5,80,82,100,80,2,0
Cyndaquil,fire,,7.9,39,52,43,65,2,0
Quilava,fire,,19.0,58,64,58,80,2,0
Typhlosion,fire,,79.5,78,84,78,100,2,0
Totodile,water,,9.5,50,65,64,43,2,0
Croconaw,water,,25.0,65,80,80,58,2,0
Feraligatr,water,,88.8,85,105,100,78,2,0
Sentret,normal,,6.0,35,46,34,20,2,0
Furret,normal,,32.5,85,76,64,90,2,0
Hoothoot,normal,flying,21.2,60,30,30,50,2,0
Noctowl,normal,flying,40.8,100,50,50,70,2,0
Ledyba,bug,flying,10.8,40,20,30,55,2,0
Ledian,bug,flying,35.6,55,35,50,85,2,0
Spinarak,bug,poison,8.5,40,60,40,30,2,0
Ariados,bug,poison,33.5,70,90,70,40,2,0
Crobat,poison,flying,75.0,85,90,80,130,2,0
Chinchou,water,electric,12.0,75,38,38,67,2,0
Lanturn,water,electric,22.5,125,58,58,67,2,0
Pichu,electric,,2.0,20,40,15,60,2,0
Cleffa,fairy,,3.0,50,25,28,15,2,0
Igglybuff,normal,fairy,1.0,90,30,15,15,2,0
Togepi,fairy,,1.5,35,20,65,20,2,0
Togetic,fairy,flying,3.2,55,40,85,40,2,0
Natu,psychic,flying,2.0,40,50,45,70,2,0
Xatu,psychic,flying,15.0,65,75,70,95,2,0
Mareep,electric,,7.8,55,40,40,35,2,0
Flaaffy,electric,,13.3,70,55,55,45,2,0
Ampharos,electric,,61.5,90,95,105,45,2,0
Bellossom,grass,,5.8,75,80,95,50,2,0
Marill,water,fairy,8.5,70,20,50,40,2,0
Azumarill,water,fairy,28.5,100,50,80,50,2,0
Sudowoodo,rock,,38.0,70,100,115,30,2,0
Politoed,water,,33.9,90,75,75,70,2,0
Hoppip,grass,flying,0.5,35,35,40,50,2,0
Skiploom,grass,flying,1.0,55,45,50,80,2,0
Jumpluff,grass,flying,3.0,75,55,70,110,2,0
Aipom,normal,,11.5,55,70,55,85,2,0
Sunkern,grass,,1.8,30,30,30,30,2,0
Sunflora,grass,,8.5,75,75,55,30,2,0
Yanma,bug,flying,38.0,65,65,45,95,2,0
Wooper,water,ground,8.5,55,45,45,15,2,0
Quagsire,water,ground,75.0,95,85,85,35,2,0
Espeon,psychic,,26.5,65,65,60,110,2,0
Umbreon,dark,,27.0,95,65,110,65,2,0
Murkrow,dark,flying,2.1,60,85,42,91,2,0
Slowking,water,psychic,79.5,95,75,80,30,2,0
Misdreavus,ghost,,1.0,60,60,60,85,2,0
Unown,psychic,,5.0,48,72,48,48,2,0
Wobbuffet,psychic,,28.5,190,33,58,33,2,0
Girafarig,normal,psychic,41.5,70,80,65,85,2,0
Pineco,bug,,7.2,50,65,90,15,2,0
Forretress,bug,steel,125.8,75,90,140,40,2,0
Dunsparce,normal,,14.0,100,70,70,45,2,0
Gligar,ground,flying,64.8,65,75,105,85,2,0
Steelix,steel,ground,400.0,75,125,230,30,2,0
Snubbull,fairy,,7.8,60,80,50,30,2,0
Granbull,fairy,,48.7,90,120,75,45,2,0
Qwilfish,water,poison,3.9,65,95,85,85,2,0
Scizor,bug,steel,118.0,70,150,140,75,2,0
Shuckle,bug,rock,20.5,20,10,230,5,2,0
Heracross,bug,fighting,54.0,80,185,115,75,2,0
Sneasel,dark,ice,28.0,55,95,55,115,2,0
Teddiursa,normal,,8.8,60,80,50,40,2,0
Ursaring,normal,,125.8,90,130,75,55,2,0
Slugma,fire,,35.0,40,40,40,20,2,0
Magcargo,fire,rock,55.0,60,50,120,30,2,0
Swinub,ice,ground,6.5,50,50,40,50,2,0
Piloswine,ice,ground,55.8,100,100,80,50,2,0
Corsola,water,rock,5.0,65,55,95,35,2,0
Remoraid,water,,12.0,35,65,35,65,2,0
Octillery,water,,28.5,75,105,75,45,2,0
Delibird,ice,flying,16.0,45,55,45,75,2,0
Mantine,water,flying,220.0,85,40,70,70,2,0
Skarmory,steel,flying,50.5,65,80,140,70,2,0
Houndour,dark,fire,10.8,45,60,30,65,2,0
Houndoom,dark,fire,35.0,75,90,90,115,2,0
Kingdra,water,dragon,152.0,75,95,95,85,2,0
Phanpy,ground,,33.5,90,60,60,40,2,0
Donphan,ground,,120.0,90,120,120,50,2,0
Porygon2,normal,,32.5,85,80,90,60,2,0
Stantler,normal,,71.2,73,95,62,85,2,0
Smeargle,normal,,58.0,55,20,35,75,2,0
Tyrogue,fighting,,21.0,35,35,35,35,2,0
Hitmontop,fighting,,48.0,50,95,95,70,2,0
Smoochum,ice,psychic,6.0,45,30,15,65,2,0
Elekid,electric,,23.5,45,63,37,95,2,0
Magby,fire,,21.4,45,75,37,83,2,0
Miltank,normal,,75.5,95,80,105,100,2,0
Blissey,normal,,46.8,255,10,10,55,2,0
Raikou,electric,,178.0,90,85,75,115,2,1
Entei,fire,,198.0,115,115,85,100,2,1
Suicune,water,,187.0,100,75,115,85,2,1
Larvitar,rock,ground,72.0,50,64,50,41,2,0
Pupitar,rock,ground,152.0,70,84,70,51,2,0
Tyranitar,rock,dark,202.0,100,164,150,71,2,0
Lugia,psychic,flying,216.0,106,90,130,110,2,1
Ho-Oh,fire,flying,199.0,106,130,90,90,2,1
Celebi,psychic,grass,5.0,100,100,100,100,2,1
Treecko,grass,,5.0,40,45,35,70,3,0
Grovyle,grass,,21.6,50,65,45,95,3,0
Sceptile,grass,,52.2,70,110,75,145,3,0
Torchic,fire,,2.5,45,60,40,45,3,0
Combusken,fire,fighting,19.5,60,85,60,55,3,0
Blaziken,fire,fighting,52.0,80,160,80,100,3,0
Mudkip,water,,7.6,50,70,50,40,3,0
Marshtomp,water,ground,28.0,70,85,70,50,3,0
Swampert,water,ground,81.9,100,150,110,70,3,0
Poochyena,dark,,13.6,35,55,35,35,3,0
Mightyena,dark,,37.0,70,90,70,70,3,0
Zigzagoon,normal,,17.5,38,30,41,60,3,0
Linoone,normal,,32.5,78,70,61,100,3,0
Wurmple,bug,,3.6,45,45,35,20,3,0
Silcoon,bug,,10.0,50,35,55,15,3,0
Beautifly,bug,flying,28.4,60,70,50,65,3,0
Cascoon,bug,,11.5,50,35,55,15,3,0
Dustox,bug,poison,31.6,60,50,70,65,3,0
Lotad,water,grass,2.6,40,30,30,30,3,0
Lombre,water,grass,32.5,60,50,50,50,3,0
Ludicolo,water,grass,55.0,80,70,70,70,3,0
Seedot,grass,,4.0,40,40,50,30,3,0
Nuzleaf,grass,dark,28.0,70,70,40,60,3,0
Shiftry,grass,dark,59.6,90,100,60,80,3,0
Taillow,normal,flying,2.3,40,55,30,85,3,0
Swellow,normal,flying,19.8,60,85,60,125,3,0
Wingull,water,flying,9.5,40,30,30,85,3,0
Pelipper,water,flying,28.0,60,50,100,65,3,0
Ralts,psychic,fairy,6.6,28,25,25,40,3,0
Kirlia,psychic,fairy,20.2,38,35,35,50,3,0
Gardevoir,psychic,fairy,48.4,68,85,65,100,3,0
Surskit,bug,water,1.7,40,30,32,65,3,0
Masquerain,bug,flying,3.6,70,60,62,80,3,0
Shroomish,grass,,4.5,60,40,60,35,3,0
Breloom,grass,fighting,39.2,60,130,80,70,3,0
Slakoth,normal,,24.0,60,60,60,30,3,0
Vigoroth,normal,,46.5,80,80,80,90,3,0
Slaking,normal,,130.5,150,160,100,100,3,0
Nincada,bug,ground,5.5,31,45,90,40,3,0
Ninjask,bug,flying,12.0,61,90,45,160,3,0
Shedinja,bug,ghost,1.2,1,90,45,40,3,0
Whismur,normal,,16.3,64,51,23,28,3,0
Loudred,normal,,40.5,84,71,43,48,3,0
Exploud,normal,,84.0,104,91,63,68,3,0
Makuhita,fighting,,86.4,72,60,30,25,3,0
Hariyama,fighting,,253.8,144,120,60,50,3,0
Azurill,normal,fairy,2.0,50,20,40,20,3,0
Nosepass,rock,,97.0,30,45,135,30,3,0
Skitty,normal,,11.0,50,45,45,50,3,0
Delcatty,normal,,32.6,70,65,65,90,3,0
Sableye,dark,ghost,11.0,50,85,125,20,3,0
Mawile,steel,fairy,11.5,50,105,125,50,3,0
Aron,steel,rock,60.0,50,70,100,30,3,0
Lairon,steel,rock,120.0,60,90,140,40,3,0
Aggron,steel,rock,360.0,70,140,230,50,3,0
Meditite,fighting,psychic,11.2,30,40,55,60,3,0
Medicham,fighting,psychic,31.5,60,100,85,100,3,0
Electrike,electric,,15.2,40,45,40,65,3,0
Manectric,electric,,40.2,70,75,80,135,3,0
Plusle,electric,,4.2,60,50,40,95,3,0
Minun,electric,,4.2,60,40,50,95,3,0
Volbeat,bug,,17.7,65,73,75,85,3,0
Illumise,bug,,17.7,65,47,75,85,3,0
Roselia,grass,poison,2.0,50,60,45,65,3,0
Gulpin,poison,,10.3,70,43,53,40,3,0
Swalot,poison,,80.0,100,73,83,55,3,0
Carvanha,water,dark,20.8,45,90,20,65,3,0
Sharpedo,water,dark,88.8,70,140,70,105,3,0
Wailmer,water,,130.0,130,70,35,60,3,0
Wailord,water,,398.0,170,90,45,60,3,0
Numel,fire,ground,24.0,60,60,40,35,3,0
Camerupt,fire,ground,220.0,70,120,100,20,3,0
Torkoal,fire,,80.4,70,85,140,20,3,0
Spoink,psychic,,30.6,60,25,35,60,3,0
Grumpig,psychic,,71.5,80,45,65,80,3,0
Spinda,normal,,5.0,60,60,60,60,3,0
Trapinch,ground,,15.0,45,100,45,10,3,0
Vibrava,ground,dragon,15.3,50,70,50,70,3,0
Flygon,ground,dragon,82.0,80,100,80,100,3,0
Cacnea,grass,,51.3,50,85,40,35,3,0
Cacturne,grass,dark,77.4,70,115,60,55,3,0
Swablu,normal,flying,1.2,45,40,60,50,3,0
Altaria,dragon,flying,20.6,75,110,110,80,3,0
Zangoose,normal,,40.3,73,115,60,90,3,0
Seviper,poison,,52.5,73,100,60,65,3,0
Lunatone,rock,psychic,168.0,90,55,65,70,3,0
Solrock,rock,psychic,154.0,90,95,85,70,3,0
Barboach,water,ground,1.9,50,48,43,60,3,0
Whiscash,water,ground,23.6,110,78,73,60,3,0
Corphish,water,,11.5,43,80,65,35,3,0
Crawdaunt,water,dark,32.8,63,120,85,55,3,0
Baltoy,ground,psychic,21.5,40,40,55,55,3,0
Claydol,ground,psychic,108.0,60,70,105,75,3,0
Lileep,rock,grass,23.8,66,41,77,23,3,0
Cradily,rock,grass,60.4,86,81,97,43,3,0
Anorith,rock,bug,12.5,45,95,50,75,3,0
Armaldo,rock,bug,68.2,75,125,100,45,3,0
Feebas,water,,7.4,20,15,20,80,3,0
Milotic,water,,162.0,95,60,79,81,3,0
Castform,normal,,0.8,70,70,70,70,3,0
Kecleon,normal,,22.0,60,90,70,40,3,0
Shuppet,ghost,,2.3,44,75,35,45,3,0
Banette,ghost,,12.5,64,165,75,75,3,0
Duskull,ghost,,15.0,20,40,90,25,3,0
Dusclops,ghost,,30.6,40,70,130,25,3,0
Tropius,grass,flying,100.0,99,68,83,51,3,0
Chimecho,psychic,,1.0,75,50,80,65,3,0
Absol,dark,,47.0,65,150,60,115,3,0
Wynaut,psychic,,14.0,95,23,48,23,3,0
Snorunt,ice,,16.8,50,50,50,50,3,0
Glalie,ice,,256.5,80,120,80,100,3,0
Spheal,ice,water,39.5,70,40,50,25,3,0
Sealeo,ice,water,87.6,90,60,70,45,3,0
Walrein,ice,water,150.6,110,80,90,65,3,0
Clamperl,water,,52.5,35,64,85,32,3,0
Huntail,water,,27.0,55,104,105,52,3,0
Gorebyss,water,,22.6,55,84,105,52,3,0
Relicanth,water,rock,23.4,100,90,130,55,3,0
Luvdisc,water,,8.7,43,30,55,97,3,0
Bagon,dragon,,42.1,45,75,60,50,3,0
Shelgon,dragon,,110.5,65,95,100,50,3,0
Salamence,dragon,flying,102.6,95,145,130,120,3,0
Beldum,steel,psychic,95.2,40,55,80,30,3,0
Metang,steel,psychic,202.5,60,75,100,50,3,0
Metagross,steel,psychic,550.0,80,145,150,110,3,0
Regirock,rock,,230.0,80,100,200,50,3,1
Regice,ice,,175.0,80,50,100,50,3,1
Registeel,steel,,205.0,80,75,150,50,3,1
Latias,dragon,psychic,40.0,80,100,120,110,3,1
Latios,dragon,psychic,60.0,80,130,100,110,3,1
Kyogre,water,,352.0,100,150,90,90,3,1
Groudon,ground,,950.0,100,180,160,90,3,1
Rayquaza,dragon,flying,206.5,105,180,100,115,3,1
Jirachi,steel,psychic,1.1,100,100,100,100,3,1
Deoxys,psychic,,60.8,50,95,90,180,3,1
Turtwig,grass,,10.2,55,68,64,31,4,0
Grotle,grass,,97.0,75,89,85,36,4,0
Torterra,grass,ground,310.0,95,109,105,56,4,0
Chimchar,fire,,6.2,44,58,44,61,4,0
Monferno,fire,fighting,22.0,64,78,52,81,4,0
Infernape,fire,fighting,55.0,76,104,71,108,4,0
Piplup,water,,5.2,53,51,53,40,4,0
Prinplup,water,,23.0,64,66,68,50,4,0
Empoleon,water,steel,84.5,84,86,88,60,4,0
Starly,normal,flying,2.0,40,55,30,60,4,0
Staravia,normal,flying,15.5,55,75,50,80,4,0
Staraptor,normal,flying,24.9,85,120,70,100,4,0
Bidoof,normal,,20.0,59,45,40,31,4,0
Bibarel,normal,water,31.5,79,85,60,71,4,0
Kricketot,bug,,2.2,37,25,41,25,4,0
Kricketune,bug,,25.5,77,85,51,65,4,0
Shinx,electric,,9.5,45,65,34,45,4,0
Luxio,electric,,30.5,60,85,49,60,4,0
Luxray,electric,,42.0,80,120,79,70,4,0
Budew,grass,poison,1.2,40,30,35,55,4,0
Roserade,grass,poison,14.5,60,70,65,90,4,0
Cranidos,rock,,31.5,67,125,40,58,4,0
Rampardos,rock,,102.5,97,165,60,58,4,0
Shieldon,rock,steel,57.0,30,42,118,30,4,0
Bastiodon,rock,steel,149.5,60,52,168,30,4,0
Burmy,bug,,3.4,40,29,45,36,4,0
Wormadam,bug,grass,6.5,60,69,95,36,4,0
Mothim,bug,flying,23.3,70,94,50,66,4,0
Combee,bug,flying,5.5,30,30,42,70,4,0
Vespiquen,bug,flying,38.5,70,80,102,40,4,0
Pachirisu,electric,,3.9,60,45,70,95,4,0
Buizel,water,,29.5,55,65,35,85,4,0
Floatzel,water,,33.5,85,105,55,115,4,0
Cherubi,grass,,3.3,45,35,45,35,4,0
Cherrim,grass,,9.3,70,60,70,85,4,0
Shellos,water,,6.3,76,48,48,34,4,0
Gastrodon,water,ground,29.9,111,83,68,39,4,0
Ambipom,normal,,20.3,75,100,66,115,4,0
Drifloon,ghost,flying,1.2,90,50,34,70,4,0
Drifblim,ghost,flying,15.0,150,80,44,80,4,0
Buneary,normal,,5.5,55,66,44,85,4,0
Lopunny,normal,,33.3,65,136,94,135,4,0
Mismagius,ghost,,4.4,60,60,60,105,4,0
Honchkrow,dark,flying,27.3,100,125,52,71,4,0
Glameow,normal,,3.9,49,55,42,85,4,0
Purugly,normal,,43.8,71,82,64,112,4,0
Chingling,psychic,,0.6,45,30,50,45,4,0
Stunky,poison,dark,19.2,63,63,47,74,4,0
Skuntank,poison,dark,38.0,103,93,67,84,4,0
Bronzor,steel,psychic,60.5,57,24,86,23,4,0
Bronzong,steel,psychic,187.0,67,89,116,33,4,0
Bonsly,rock,,15.0,50,80,95,10,4,0
Mime Jr.,psychic,fairy,13.0,20,25,45,60,4,0
Happiny,normal,,24.4,100,5,5,30,4,0
Chatot,normal,flying,1.9,76,65,45,91,4,0
Spiritomb,ghost,dark,108.0,50,92,108,35,4,0
Gible,dragon,ground,20.5,58,70,45,42,4,0
Gabite,dragon,ground,56.0,68,90,65,82,4,0
Garchomp,dragon,ground,95.0,108,170,115,92,4,0
Munchlax,normal,,105.0,135,85,40,5,4,0
Riolu,fighting,,20.2,40,70,40,60,4,0
Lucario,fighting,steel,54.0,70,145,88,112,4,0
Hippopotas,ground,,49.5,68,72,78,32,4,0
Hippowdon,ground,,300.0,108,112,118,47,4,0
Skorupi,poison,bug,12.0,40,50,90,65,4,0
Drapion,poison,dark,61.5,70,90,110,95,4,0
Croagunk,poison,fighting,23.0,48,61,40,50,4,0
Toxicroak,poison,fighting,44.4,83,106,65,85,4,0
Carnivine,grass,,27.0,74,100,72,46,4,0
Finneon,water,,7.0,49,49,56,66,4,0
Lumineon,water,,24.0,69,69,76,91,4,0
Mantyke,water,flying,65.0,45,20,50,50,4,0
Snover,grass,ice,50.5,60,62,50,40,4,0
Abomasnow,grass,ice,135.5,90,132,105,30,4,0
Weavile,dark,ice,34.0,70,120,65,125,4,0
Magnezone,electric,steel,180.0,70,70,115,60,4,0
Lickilicky,normal,,140.0,110,85,95,50,4,0
Rhyperior,ground,rock,282.8,115,140,130,40,4,0
Tangrowth,grass,,128.6,100,100,125,50,4,0
Electivire,electric,,138.6,75,123,67,95,4,0
Magmortar,fire,,68.0,75,95,67,83,4,0
Togekiss,fairy,flying,38.0,85,50,95,80,4,0
Yanmega,bug,flying,51.5,86,76,86,95,4,0
Leafeon,grass,,25.5,65,110,130,95,4,0
Glaceon,ice,,25.9,65,60,110,65,4,0
Gliscor,ground,flying,42.5,75,95,125,95,4,0
Mamoswine,ice,ground,291.0,110,130,80,80,4,0
Porygon-Z,normal,,34.0,85,80,70,90,4,0
Gallade,psychic,fighting,52.0,68,165,95,110,4,0
Probopass,rock,steel,340.0,60,55,145,40,4,0
Dusknoir,ghost,,106.6,45,100,135,45,4,0
Froslass,ice,ghost,26.6,70,80,70,110,4,0
Rotom,electric,ghost,0.3,50,65,107,86,4,0
Uxie,psychic,,0.3,75,75,130,95,4,1
Mesprit,psychic,,0.3,80,105,105,80,4,1
Azelf,psychic,,0.3,75,125,70,115,4,1
Dialga,steel,dragon,683.0,100,120,120,90,4,1
Palkia,water,dragon,336.0,90,120,100,100,4,1
Heatran,fire,steel,430.0,91,90,106,77,4,1
Regigigas,normal,,420.0,110,160,110,100,4,1
Giratina,ghost,dragon,750.0,150,120,100,90,4,1
Cresselia,psychic,,85.6,120,70,120,85,4,1
Phione,water,,3.1,80,80,80,80,4,0
Manaphy,water,,1.4,100,100,100,100,4,1
Darkrai,dark,,50.5,70,90,90,125,4,1
Shaymin,grass,grass,2.1,100,103,75,127,4,1
Arceus,normal,,320.0,120,120,120,120,4,1
Victini,psychic,fire,4.0,100,100,100,100,5,1
Snivy,grass,,8.1,45,45,55,63,5,0
Servine,grass,,16.0,60,60,75,83,5,0
Serperior,grass,,63.0,75,75,95,113,5,0
Tepig,fire,,9.9,65,63,45,45,5,0
Pignite,fire,fighting,55.5,90,93,55,55,5,0
Emboar,fire,fighting,150.0,110,123,65,65,5,0
Oshawott,water,,5.9,55,55,45,45,5,0
Dewott,water,,24.5,75,75,60,60,5,0
Samurott,water,,94.6,95,100,85,70,5,0
Patrat,normal,,11.6,45,55,39,42,5,0
Watchog,normal,,27.0,60,85,69,77,5,0
Lillipup,normal,,4.1,45,60,45,55,5,0
Herdier,normal,,14.7,65,80,65,60,5,0
Stoutland,normal,,61.0,85,110,90,80,5,0
Purrloin,dark,,10.1,41,50,37,66,5,0
Liepard,dark,,37.5,64,88,50,106,5,0
Pansage,grass,,10.5,50,53,48,64,5,0
Simisage,grass,,30.5,75,98,63,101,5,0
Pansear,fire,,11.0,50,53,48,64,5,0
Simisear,fire,,28.0,75,98,63,101,5,0
Panpour,water,,13.5,50,53,48,64,5,0
Simipour,water,,29.0,75,98,63,101,5,0
Munna,psychic,,23.3,76,25,45,24,5,0
Musharna,psychic,,60.5,116,55,85,29,5,0
Pidove,normal,flying,2.1,50,55,50,43,5,0
Tranquill,normal,flying,15.0,62,77,62,65,5,0
Unfezant,normal,flying,29.0,80,115,80,93,5,0
Blitzle,electric,,29.8,45,60,32,76,5,0
Zebstrika,electric,,79.5,75,100,63,116,5,0
Roggenrola,rock,,18.0,55,75,85,15,5,0
Boldore,rock,,102.0,70,105,105,20,5,0
Gigalith,rock,,260.0,85,135,130,25,5,0
Woobat,psychic,flying,2.1,65,45,43,72,5,0
Swoobat,psychic,flying,10.5,67,57,55,114,5,0
Drilbur,ground,,8.5,60,85,40,68,5,0
Excadrill,ground,steel,40.4,110,135,60,88,5,0
Audino,normal,,31.0,103,60,126,50,5,0
Timburr,fighting,,12.5,75,80,55,35,5,0
Gurdurr,fighting,,40.0,85,105,85,40,5,0
Conkeldurr,fighting,,87.0,105,140,95,45,5,0
Tympole,water,,4.5,50,50,40,64,5,0
Palpitoad,water,ground,17.0,75,65,55,69,5,0
Seismitoad,water,ground,62.0,105,95,75,74,5,0
Throh,fighting,,55.5,120,100,85,45,5,0
Sawk,fighting,,51.0,75,125,75,85,5,0
Sewaddle,bug,grass,2.5,45,53,70,42,5,0
Swadloon,bug,grass,7.3,55,63,90,42,5,0
Leavanny,bug,grass,20.5,75,103,80,92,5,0
Venipede,bug,poison,5.3,30,45,59,57,5,0
Whirlipede,bug,poison,58.5,40,55,99,47,5,0
Scolipede,bug,poison,200.5,60,100,89,112,5,0
Cottonee,grass,fairy,0.6,40,27,60,66,5,0
Whimsicott,grass,fairy,6.6,60,67,85,116,5,0
Petilil,grass,,6.6,45,35,50,30,5,0
Lilligant,grass,,16.3,70,60,75,90,5,0
Basculin,water,,18.0,70,92,65,98,5,0
Sandile,ground,dark,15.2,50,72,35,65,5,0
Krokorok,ground,dark,33.4,60,82,45,74,5,0
Krookodile,ground,dark,96.3,95,117,80,92,5,0
Darumaka,fire,,37.5,70,90,45,50,5,0
Darmanitan,fire,fire,92.9,105,30,105,55,5,0
Maractus,grass,,28.0,75,86,67,60,5,0
Dwebble,bug,rock,14.5,50,65,85,55,5,0
Crustle,bug,rock,200.0,70,105,125,45,5,0
Scraggy,dark,fighting,11.8,50,75,70,48,5,0
Scrafty,dark,fighting,30.0,65,90,115,58,5,0
Sigilyph,psychic,flying,14.0,72,58,80,97,5,0
Yamask,ghost,,1.5,38,30,85,30,5,0
Cofagrigus,ghost,,76.5,58,50,145,30,5,0
Tirtouga,water,rock,16.5,54,78,103,22,5,0
Carracosta,water,rock,81.0,74,108,133,32,5,0
Archen,rock,flying,9.5,55,112,45,70,5,0
Archeops,rock,flying,32.0,75,140,65,110,5,0
Trubbish,poison,,31.0,50,50,62,65,5,0
Garbodor,poison,,107.3,80,95,82,75,5,0
Zorua,dark,,12.5,40,65,40,65,5,0
Zoroark,dark,,81.1,60,105,60,105,5,0
Minccino,normal,,5.8,55,50,40,75,5,0
Cinccino,normal,,7.5,75,95,60,115,5,0
Gothita,psychic,,5.8,45,30,50,45,5,0
Gothorita,psychic,,18.0,60,45,70,55,5,0
Gothitelle,psychic,,44.0,70,55,95,65,5,0
Solosis,psychic,,1.0,45,30,40,20,5,0
Duosion,psychic,,8.0,65,40,50,30,5,0
Reuniclus,psychic,,20.1,110,65,75,30,5,0
Ducklett,water,flying,5.5,62,44,50,55,5,0
Swanna,water,flying,24.2,75,87,63,98,5,0
Vanillite,ice,,5.7,36,50,50,44,5,0
Vanillish,ice,,41.0,51,65,65,59,5,0
Vanilluxe,ice,,57.5,71,95,85,79,5,0
Deerling,normal,grass,19.5,60,60,50,75,5,0
Sawsbuck,normal,grass,92.5,80,100,70,95,5,0
Emolga,electric,flying,5.0,55,75,60,103,5,0
Karrablast,bug,,5.9,50,75,45,60,5,0
Escavalier,bug,steel,33.0,70,135,105,20,5,0
Foongus,grass,poison,1.0,69,55,45,15,5,0
Amoonguss,grass,poison,10.5,114,85,70,30,5,0
Frillish,water,ghost,33.0,55,40,50,40,5,0
Jellicent,water,ghost,135.0,100,60,70,60,5,0
Alomomola,water,,31.6,165,75,80,65,5,0
Joltik,bug,electric,0.6,50,47,50,65,5,0
Galvantula,bug,electric,14.3,70,77,60,108,5,0
Ferroseed,grass,steel,18.8,44,50,91,10,5,0
Ferrothorn,grass,steel,110.0,74,94,131,20,5,0
Klink,steel,,21.0,40,55,70,30,5,0
Klang,steel,,51.0,60,80,95,50,5,0
Klinklang,steel,,81.0,60,100,115,90,5,0
Tynamo,electric,,0.3,35,55,40,60,5,0
Eelektrik,electric,,22.0,65,85,70,40,5,0
Eelektross,electric,,80.5,85,115,80,50,5,0
Elgyem,psychic,,9.0,55,55,55,30,5,0
Beheeyem,psychic,,34.5,75,75,75,40,5,0
Litwick,ghost,fire,3.1,50,30,55,20,5,0
Lampent,ghost,fire,13.0,60,40,60,55,5,0
Chandelure,ghost,fire,34.3,60,55,90,80,5,0
Axew,dragon,,18.0,46,87,60,57,5,0
Fraxure,dragon,,36.0,66,117,70,67,5,0
Haxorus,dragon,,105.5,76,147,90,97,5,0
Cubchoo,ice,,8.5,55,70,40,40,5,0
Beartic,ice,,260.0,95,130,80,50,5,0
Cryogonal,ice,,148.0,80,50,50,105,5,0
Shelmet,bug,,7.7,50,40,85,25,5,0
Accelgor,bug,,25.3,80,70,40,145,5,0
Stunfisk,ground,electric,11.0,109,66,84,32,5,0
Mienfoo,fighting,,20.0,45,85,50,65,5,0
Mienshao,fighting,,35.5,65,125,60,105,5,0
Druddigon,dragon,,139.0,77,120,90,48,5,0
Golett,ground,ghost,92.0,59,74,50,35,5,0
Golurk,ground,ghost,330.0,89,124,80,55,5,0
Pawniard,dark,steel,10.2,45,85,70,60,5,0
Bisharp,dark,steel,70.0,65,125,100,70,5,0
Bouffalant,normal,,94.6,95,110,95,55,5,0
Rufflet,normal,flying,10.5,70,83,50,60,5,0
Braviary,normal,flying,41.0,100,123,75,80,5,0
Vullaby,dark,flying,9.0,70,55,75,60,5,0
Mandibuzz,dark,flying,39.5,110,65,105,80,5,0
Heatmor,fire,,58.0,85,97,66,65,5,0
Durant,bug,steel,33.0,58,109,112,109,5,0
Deino,dark,dragon,17.3,52,65,50,38,5,0
Zweilous,dark,dragon,50.0,72,85,70,58,5,0
Hydreigon,dark,dragon,160.0,92,105,90,98,5,0
Larvesta,bug,fire,28.8,55,85,55,60,5,0
Volcarona,bug,fire,46.0,85,60,65,100,5,0
Cobalion,steel,fighting,250.0,91,90,129,108,5,1
Terrakion,rock,fighting,260.0,91,129,90,108,5,1
Virizion,grass,fighting,200.0,91,90,72,108,5,1
Tornadus,flying,,63.0,79,100,80,121,5,1
Thundurus,electric,flying,61.0,79,105,70,101,5,1
Reshiram,dragon,fire,330.0,100,120,100,90,5,1
Zekrom,dragon,electric,345.0,100,150,120,90,5,1
Landorus,ground,flying,68.0,89,145,90,91,5,1
Kyurem,dragon,ice,325.0,125,120,90,95,5,1
Keldeo,water,fighting,48.5,91,72,90,108,5,1
Meloetta,normal,psychic,6.5,100,128,90,128,5,1
Genesect,bug,steel,82.5,71,120,95,99,5,1
Chespin,grass,,9.0,56,61,65,38,6,0
Quilladin,grass,,29.0,61,78,95,57,6,0
Chesnaught,grass,fighting,90.0,88,107,122,64,6,0
Fennekin,fire,,9.4,40,45,40,60,6,0
Braixen,fire,,14.5,59,59,58,73,6,0
Delphox,fire,psychic,39.0,75,69,72,104,6,0
Froakie,water,,7.0,41,56,40,71,6,0
Frogadier,water,,10.9,54,63,52,97,6,0
Greninja,water,dark,40.0,72,145,67,132,6,0
Bunnelby,normal,,5.0,38,36,38,57,6,0
Diggersby,normal,ground,42.4,85,56,77,78,6,0
Fletchling,normal,flying,1.7,45,50,43,62,6,0
Fletchinder,fire,flying,16.0,62,73,55,84,6,0
Talonflame,fire,flying,24.5,78,81,71,126,6,0
Scatterbug,bug,,2.5,38,35,40,35,6,0
Spewpa,bug,,8.4,45,22,60,29,6,0
Vivillon,bug,flying,17.0,80,52,50,89,6,0
Litleo,fire,normal,13.5,62,50,58,72,6,0
Pyroar,fire,normal,81.5,86,68,72,106,6,0
Flabébé,fairy,,0.1,44,38,39,42,6,0
Floette,fairy,,0.9,74,65,67,92,6,0
Florges,fairy,,10.0,78,65,68,75,6,0
Skiddo,grass,,31.0,66,65,48,52,6,0
Gogoat,grass,,91.0,123,100,62,68,6,0
Pancham,fighting,,8.0,67,82,62,43,6,0
Pangoro,fighting,dark,136.0,95,124,78,58,6,0
Furfrou,normal,,28.0,75,80,60,102,6,0
Espurr,psychic,,3.5,62,48,54,68,6,0
Meowstic,psychic,,8.5,74,48,76,104,6,0
Honedge,steel,ghost,2.0,45,80,100,28,6,0
Doublade,steel,ghost,4.5,59,110,150,35,6,0
Aegislash,steel,ghost,53.0,60,150,50,60,6,0
Spritzee,fairy,,0.5,78,52,60,23,6,0
Aromatisse,fairy,,15.5,101,72,72,29,6,0
Swirlix,fairy,,3.5,62,48,66,49,6,0
Slurpuff,fairy,,5.0,82,80,86,72,6,0
Inkay,dark,psychic,3.5,53,54,53,45,6,0
Malamar,dark,psychic,47.0,86,92,88,73,6,0
Binacle,rock,water,31.0,42,52,67,50,6,0
Barbaracle,rock,water,96.0,72,105,115,68,6,0
Skrelp,poison,water,7.3,50,60,60,30,6,0
Dragalge,poison,dragon,81.5,65,75,90,44,6,0
Clauncher,water,,8.3,50,53,62,44,6,0
Clawitzer,water,,35.3,71,73,88,59,6,0
Helioptile,electric,normal,6.0,44,38,33,70,6,0
Heliolisk,electric,normal,21.0,62,55,52,109,6,0
Tyrunt,rock,dragon,26.0,58,89,77,48,6,0
Tyrantrum,rock,dragon,270.0,82,121,119,71,6,0
Amaura,rock,ice,25.2,77,59,50,46,6,0
Aurorus,rock,ice,225.0,123,77,72,58,6,0
Sylveon,fairy,,23.5,95,65,65,60,6,0
Hawlucha,fighting,flying,21.5,78,92,75,118,6,0
Dedenne,electric,fairy,2.2,67,58,57,101,6,0
Carbink,rock,fairy,5.7,50,50,150,50,6,0
Goomy,dragon,,2.8,45,50,35,40,6,0
Sliggoo,dragon,,17.5,68,75,53,60,6,0
Goodra,dragon,,150.5,90,100,70,80,6,0
Klefki,steel,fairy,3.0,57,80,91,75,6,0
Phantump,ghost,grass,7.0,43,70,48,38,6,0
Trevenant,ghost,grass,71.0,85,110,76,56,6,0
Pumpkaboo,ghost,grass,15.0,59,66,70,41,6,0
Gourgeist,ghost,grass,39.0,85,100,122,54,6,0
Bergmite,ice,,99.5,55,69,85,28,6,0
Avalugg,ice,,505.0,95,117,184,28,6,0
Noibat,flying,dragon,8.0,40,30,35,55,6,0
Noivern,flying,dragon,85.0,85,70,80,123,6,0
Xerneas,fairy,,215.0,126,131,95,99,6,1
Yveltal,dark,flying,203.0,126,131,95,99,6,1
Zygarde,dragon,ground,284.6,216,100,121,85,6,1
Diancie,rock,fairy,8.8,50,160,110,110,6,1
Hoopa,psychic,ghost,,80,160,60,80,6,1
Volcanion,fire,water,195.0,80,110,120,70,6,1
Rowlet,grass,flying,1.5,68,55,55,42,7,0
Dartrix,grass,flying,16.0,78,75,75,52,7,0
Decidueye,grass,ghost,36.6,78,107,75,70,7,0
Litten,fire,,4.3,45,65,40,70,7,0
Torracat,fire,,25.0,65,85,50,90,7,0
Incineroar,fire,dark,83.0,95,115,90,60,7,0
Popplio,water,,7.5,50,54,54,40,7,0
Brionne,water,,17.5,60,69,69,50,7,0
Primarina,water,fairy,44.0,80,74,74,60,7,0
Pikipek,normal,flying,1.2,35,75,30,65,7,0
Trumbeak,normal,flying,14.8,55,85,50,75,7,0
Toucannon,normal,flying,26.0,80,120,75,60,7,0
Yungoos,normal,,6.0,48,70,30,45,7,0
Gumshoos,normal,,14.2,88,110,60,45,7,0
Grubbin,bug,,4.4,47,62,45,46,7,0
Charjabug,bug,electric,10.5,57,82,95,36,7,0
Vikavolt,bug,electric,45.0,77,70,90,43,7,0
Crabrawler,fighting,,7.0,47,82,57,63,7,0
Crabominable,fighting,ice,180.0,97,132,77,43,7,0
Oricorio,fire,flying,3.4,75,70,70,93,7,0
Cutiefly,bug,fairy,0.2,40,45,40,84,7,0
Ribombee,bug,fairy,0.5,60,55,60,124,7,0
Rockruff,rock,,9.2,45,65,40,60,7,0
Lycanroc,rock,,,85,115,75,82,7,0
Wishiwashi,water,,0.3,45,140,130,30,7,0
Mareanie,poison,water,8.0,50,53,62,45,7,0
Toxapex,poison,water,14.5,50,63,152,35,7,0
Mudbray,ground,,110.0,70,100,70,45,7,0
Mudsdale,ground,,920.0,100,125,100,35,7,0
Dewpider,water,bug,4.0,38,40,52,27,7,0
Araquanid,water,bug,82.0,68,70,92,42,7,0
Fomantis,grass,,1.5,40,55,35,35,7,0
Lurantis,grass,,18.5,70,105,90,45,7,0
Morelull,grass,fairy,1.5,40,35,55,15,7,0
Shiinotic,grass,fairy,11.5,60,45,80,30,7,0
Salandit,poison,fire,4.8,48,44,40,77,7,0
Salazzle,poison,fire,22.2,68,64,60,117,7,0
Stufful,normal,fighting,6.8,70,75,50,50,7,0
Bewear,normal,fighting,135.0,120,125,80,60,7,0
Bounsweet,grass,,3.2,42,30,38,32,7,0
Steenee,grass,,8.2,52,40,48,62,7,0
Tsareena,grass,,21.4,72,120,98,72,7,0
Comfey,fairy,,0.3,51,52,90,100,7,0
Oranguru,normal,psychic,76.0,90,60,80,60,7,0
Passimian,fighting,,82.8,100,120,90,80,7,0
Wimpod,bug,water,12.0,25,35,40,80,7,0
Golisopod,bug,water,108.0,75,125,140,40,7,0
Sandygast,ghost,ground,70.0,55,55,80,15,7,0
Palossand,ghost,ground,250.0,85,75,110,35,7,0
Pyukumuku,water,,1.2,55,60,130,5,7,0
Type: Null,normal,,120.5,95,95,95,59,7,0
Silvally,normal,,100.5,95,95,95,95,7,0
Minior,rock,flying,40.0,60,100,60,120,7,0
Komala,normal,,19.9,65,115,65,65,7,0
Turtonator,fire,dragon,212.0,60,78,135,36,7,0
Togedemaru,electric,steel,3.3,65,98,63,96,7,0
Mimikyu,ghost,fairy,0.7,55,90,80,96,7,0
Bruxish,water,psychic,19.0,68,105,70,92,7,0
Drampa,normal,dragon,185.0,78,60,85,36,7,0
Dhelmise,ghost,grass,210.0,70,131,100,40,7,0
Jangmo-o,dragon,,29.7,45,55,65,45,7,0
Hakamo-o,dragon,fighting,47.0,55,75,90,65,7,0
Kommo-o,dragon,fighting,78.2,75,110,125,85,7,0
Tapu Koko,electric,fairy,20.5,70,115,85,130,7,1
Tapu Lele,psychic,fairy,18.6,70,85,75,95,7,1
Tapu Bulu,grass,fairy,45.5,70,130,115,75,7,1
Tapu Fini,water,fairy,21.2,70,75,115,85,7,1
Cosmog,psychic,,0.1,43,29,31,37,7,1
Cosmoem,psychic,,999.9,43,29,131,37,7,1
Solgaleo,psychic,steel,230.0,137,137,107,97,7,1
Lunala,psychic,ghost,120.0,137,113,89,97,7,1
Nihilego,rock,poison,55.5,109,53,47,103,7,1
Buzzwole,bug,fighting,333.6,107,139,139,79,7,1
Pheromosa,bug,fighting,25.0,71,137,37,151,7,1
Xurkitree,electric,,100.0,83,89,71,83,7,1
Celesteela,steel,flying,999.9,97,101,103,61,7,1
Kartana,grass,steel,0.1,59,181,131,109,7,1
Guzzlord,dark,dragon,888.0,223,101,53,43,7,1
Necrozma,psychic,,230.0,97,107,101,79,7,1
Magearna,steel,fairy,80.5,80,95,115,65,7,1
